ID_INSPIRE,logAge,[M/H],SNR,mass_frac,time_75,time_90,time_100,dor_100,univ_age,mass_frac_reg,time_75_reg,time_90_reg,time_100_reg,dor_100_reg,mass_frac_unr,time_75_unr,time_90_unr,time_100_unr,dor_100_unr,dor_100_plus,dor_100_min
J1317+4336,10.022639027201166,0.3316749137086642,14.840348199323197,0.99983,1.00836,1.85064,2.4873,0.7787062012250239,11.201004124775709,0.99983,0.47793,1.85064,2.4873,1.174649287365126,1.0,1.00836,1.43734,2.41024,0.9935579822980823,,0.9451646599874503
J1346+6021,10.042374650298113,0.3364786160396175,23.601007112259516,0.89175,0.97059,3.09954,9.78538,0.5430176223265888,11.680152638205687,0.89175,0.52336,3.09954,9.78538,0.9031122988380798,0.99883,0.97059,1.39903,2.44768,1.0014738910884693,,0.9577566099405562
J0807+5317,10.03988953461202,0.3411076052228215,21.29857636647535,0.9455,1.86999,2.57014,10.28903,0.46072438767779467,11.543202453611883,0.9455,1.86999,2.57014,10.28903,0.6738438042691305,0.99895,1.07707,1.49518,2.47666,0.9828722236418564,,0.9248298638151828
J1558+2707,10.019037395350725,0.2586679529674241,18.112292602622478,0.90461,1.78423,2.82776,9.46468,0.47356673057909654,11.46995131352995,0.90461,1.78423,2.82776,9.46468,0.6865570539941496,0.98806,1.11153,1.60727,3.87594,0.9333230629360875,,0.9058620084255354
J1647+2956,10.015589485197317,0.2555213651983967,19.235960698526533,0.95915,1.19495,1.74517,8.60648,0.5593360429749265,11.301923397538028,0.95915,0.4889,1.3527,8.60648,0.9734494162587772,0.97756,1.19495,1.74517,5.13534,0.8805366741995684,,0.712026851527307
J1437+1800,10.013675212747579,0.23914206813041683,17.706533078165084,0.88865,1.57528,4.03335,9.88025,0.4620130872545262,11.195227112717351,0.88865,1.57528,4.03335,9.88025,0.6745042053309421,0.97569,1.27428,1.84756,4.77215,0.8806006553315974,,0.5153029034358841
J0921+6020,10.03999490732667,0.20568487237656932,29.91853077296182,0.94918,1.76863,2.32233,9.99268,0.48238236062041967,11.84176707730355,0.94918,1.76863,2.32233,9.99268,0.6960114275372525,0.97004,0.97615,1.57203,4.23339,0.9415866280564448,,0.8354715306015962
J2350+0609,10.044620721015322,0.3370973791391159,34.772045435479846,0.95977,1.05552,2.30408,10.26382,0.5426646913932335,11.873499521967299,0.95977,1.05552,2.30408,10.26382,0.7563464188203518,0.99837,0.88559,1.27726,2.28082,1.0236240099083602,,0.997295068094107
J0943+0553,10.021415165868483,0.31857106054431306,29.03699251440476,0.88259,2.20188,2.98822,10.51404,0.41743295617976134,11.446682504075836,0.88259,2.20188,2.98822,10.34658,0.6352584484185132,0.99765,0.96376,1.38405,10.51404,0.7659761540410118,,0.9574515079949834
J0908+0553,10.01345841333759,0.2523273288783175,17.750197100733534,0.88546,1.72882,5.54746,10.32525,0.43457830100908384,11.051568709188619,0.88546,1.72882,5.54746,10.32525,0.6467984928985846,0.97134,1.23147,1.80072,5.46754,0.8608763523873373,,0.7147644398603058
J0815+1252,10.019273080473926,0.2597811012532306,33.42356804700973,0.91454,1.05278,1.74039,8.7743,0.561823446812166,11.46913224729116,0.91454,0.47463,1.74039,8.7743,0.9676520268661459,0.98287,1.05278,1.50798,4.52746,0.9210170955580628,,0.7191588105293162
J1513+1247,10.01597006942892,0.3265814291595319,14.437611968016055,0.93694,1.26872,1.89023,10.60722,0.47993853328593605,11.116439764073569,0.93694,1.26872,1.89023,10.55241,0.6939254447524069,0.99734,1.15699,1.6085,10.60722,0.7251012210000541,,0.6998108483995046
J1427+2107,10.017888797107195,0.2274861444399948,26.85994425043197,0.84961,1.59136,5.5838,10.2731,0.4408321732542415,11.378800182808675,0.84961,1.59136,5.5838,10.2731,0.6536595367502752,0.97929,1.01533,1.52397,4.39029,0.9286366896486236,,0.7484863649580503
J1025+1732,10.020903675250665,0.24180407651436614,27.90244700028087,0.87147,1.98818,3.32198,9.31863,0.45216798222174986,11.24483491128312,0.87147,1.98818,3.32198,9.31863,0.6647510479723012,0.98312,0.9908,1.4818,3.94291,0.9457069459080841,,0.7304602108264812
J1431+5115,10.016904282973092,0.2663633202709041,18.82905261000451,0.88891,1.51768,4.0023,9.89477,0.46418328949649806,11.134239302928671,0.88891,1.51768,4.0023,9.89477,0.6765602443126246,0.98233,1.14392,1.65486,4.80689,0.8959006824465675,,0.6886131320931899
J1307+2100,10.022359739339896,0.28343531574348135,25.245211335783882,0.92051,0.97646,2.12587,9.30745,0.5527163774229312,11.11478251663244,0.92051,0.86632,2.12587,9.30745,0.7867567118664369,0.99472,0.97646,1.42162,3.33993,0.9687597788252994,,0.7774602892760786
J1443+1423,9.996389781687553,0.19578583925837093,26.096759092152336,0.96636,1.0609,1.64224,7.43073,0.6073700970931698,10.9345391127864,0.96636,0.67267,1.54554,7.43073,0.9100338437819463,0.96892,1.0609,1.64224,4.55357,0.9079262734862565,,0.7685461529556692
J0056-0114,10.062737670913952,0.3291562227734036,44.18714036191759,0.97047,0.8652,1.63957,11.62061,0.5464593888648338,12.013966268739855,0.97047,0.4562,1.63957,11.60981,0.9333736860105836,0.99666,0.8652,1.2551,11.62061,0.7691008819737224,,0.6910609141140269
J1227-0313,9.905378716869386,-0.009711848547396195,25.195021337862187,0.75508,2.82908,6.23306,10.34389,0.34193952331769367,10.64450156756557,0.76913,1.98062,5.05369,10.34389,0.5832724074633057,0.75508,2.82908,6.23306,9.89454,0.5674237338461996,,0.4267061532222272
J1318+0114,10.047283015699705,0.3229815995755092,47.73410183019169,0.95122,1.0873,2.23791,9.68844,0.5453542646267001,11.597809133419016,0.95122,1.0873,2.23791,9.68844,0.7585688556485234,0.9989,0.81874,1.16235,2.36768,1.0351485265937697,,0.747105648064683
J0744+3951,10.043731789985085,0.3350129243079299,33.00609223173807,0.94517,0.90839,2.2674,9.5697,0.5753415467326173,11.52553118137359,0.94517,0.55719,2.2674,9.5697,0.9040751673659536,0.99826,0.90839,1.31361,2.43909,1.012353141240889,,0.7383487188496359
J1445+3026,10.015833951640408,0.20948501674672937,23.50621313932511,0.83107,1.87872,4.44838,7.9509,0.4798298121899454,11.024309277442375,0.83107,1.87872,4.44838,7.9509,0.6919977983381473,0.96462,1.12994,1.7386,4.98846,0.8848749984621689,,0.6795707570186355
J1452+2229,10.025270013942048,0.333417570269285,22.913602167767692,0.9995,1.54171,1.81724,1.99725,0.7358999306493864,11.17207377988762,0.9995,1.54171,1.81724,1.99725,0.9483478547086253,1.0,0.93344,1.33643,1.99,1.0191767878039037,,0.7741710153046982
J1138+3355,9.813488199353385,0.07068204844250058,22.394782164736416,0.74114,2.98874,8.23484,9.48787,0.3411859440801687,9.931179717758988,0.74114,2.98874,8.23484,9.48787,0.5510242506428068,0.78801,1.95708,6.60929,9.4878,0.5960459597623916,,0.40825746197867563
J0901+1352,9.990508059336873,0.2177729833052164,22.565190394733857,0.81957,1.57473,3.86421,9.46821,0.44614884721172493,10.978951324857618,0.81957,1.57473,3.86421,9.46821,0.6582293917832537,0.96076,1.0462,1.61918,9.07877,0.7705850100721118,,0.6936561512189673
J1535+3723,10.002234272136203,0.3304973951451718,14.84051223345128,0.99845,1.26438,1.45843,2.36342,0.7465624575041171,10.786484231268819,0.99845,1.26438,1.45843,1.9966,0.969599572197641,1.0,0.98686,1.40897,2.36342,0.9958493624793928,,0.9585977845541797
J1350+2732,9.996136306440832,0.23025448505925095,22.39563698974513,0.94759,1.08757,1.61984,8.33349,0.5692330220584304,10.910730115902942,0.94759,0.90032,1.40309,8.33349,0.813053204077978,0.97561,1.08757,1.61984,5.41453,0.8796977245738548,,0.6444895180452705
J1142+0952,10.040792764195045,0.28956018977555253,19.56557158415349,0.91877,1.0003,2.04144,9.8506,0.5418417730583426,11.537839935371297,0.91877,0.48401,2.04144,9.8506,0.9326806155350136,0.99195,1.0003,1.46011,3.73232,0.9561049615913279,,0.7379005560261259
J1449+2523,9.984002035046604,0.2199805925680259,16.432080515684884,0.81087,1.44225,4.73988,10.06143,0.42845273407060985,10.733217502622454,0.81087,1.44225,4.73988,10.06143,0.6400467023648648,0.9492,1.21822,1.86456,8.41472,0.7585487706794138,,0.6162230898351938
J1105+5012,9.999892336519313,0.2770496021919112,22.01082674520101,0.96306,0.99405,1.44253,9.80412,0.5460267147120957,10.995677038757524,0.96306,0.44686,1.23298,9.80412,0.9634482105295569,0.9951,0.99405,1.44253,3.45796,0.9612030720865571,,0.6937469191550852
J1214+3644,10.0035962738784,0.34241359943408595,18.14419277124939,0.99432,1.11768,1.93511,3.87291,0.7162477199089063,10.831555362723286,0.99432,1.11768,1.93511,3.87291,0.928039056223386,1.0,0.95192,1.3562,1.98597,1.0139679412724614,,0.9367050612016795
J2334+1405,9.995679477917143,0.33616931462597627,16.21664773600839,0.97016,1.45138,2.13841,10.11017,0.48475929430543657,10.937202090559428,0.97016,1.45138,2.13841,10.06549,0.6981204265043912,0.99743,1.11449,1.54478,10.11017,0.7405607070008707,,0.7313274529592703
J0956+0418,9.996664850004688,0.2462836573440924,22.805546534893054,0.93335,1.47471,2.35232,9.30767,0.4908263752591751,10.760655687542476,0.93335,1.47471,2.35232,9.30767,0.7024757759299792,0.9801,0.99295,1.46921,8.25735,0.805428359654223,,0.6650819352519977
J1226+1004,9.991597587029004,0.3053603873239375,16.36718281487481,0.97986,1.31981,1.84419,9.01285,0.5265408728095137,10.670088095169017,0.97986,0.48668,1.21937,9.01285,0.9541817885077966,0.99625,1.31981,1.84419,2.97038,0.9322361927440591,,0.6610767327314612
J0757+1317,10.001932942765649,0.31496341835353475,20.299478763450708,0.89254,1.13871,3.54996,7.61923,0.5607431099575665,10.654738311866915,0.89254,1.13871,3.54996,7.61923,0.7721769534579629,0.9995,0.9792,1.39982,2.37185,0.9958370122105341,,0.7177683438551467
J1151+2215,10.000543769091145,0.2667190818099477,23.248912150593316,0.94039,0.98035,2.26919,9.6906,0.5352412047085943,10.643689300541325,0.94039,0.90781,2.26919,9.6906,0.760237018932712,0.99332,0.98035,1.42468,3.49884,0.9582058555203417,,0.6792924147628483
J1343+2015,10.021478339439215,0.3388120110687201,24.969567243359847,0.90641,1.65522,2.3929,10.18279,0.45086686985730645,11.079526625829423,0.90641,1.65522,2.3929,10.18279,0.6631403383414171,0.99804,0.96891,1.38694,2.49383,0.9963330918989121,,0.6951784156576979
J1040+3955,10.003851942518233,0.3385429511054657,18.885897396987495,0.99895,0.94597,1.3466,2.46888,0.788536969389067,10.925953703231649,0.99895,0.45117,1.1978,2.46888,1.1937383333987641,1.0,0.94597,1.3466,1.97961,1.015791268219668,,0.6878627392813793
J0852+5029,10.022553287350311,0.3281344524507855,23.79663227972217,0.90597,1.71992,2.78422,9.25907,0.47551616071292563,11.113759807107531,0.90597,1.71992,2.78422,9.25907,0.6878544988886247,0.99845,0.95391,1.36954,2.43026,1.0013123970072957,,0.755368443030822
J0813+1654,9.98173278257509,0.24888602630243745,22.624262436758524,0.90239,1.22887,2.85592,10.10016,0.47730811304594384,10.714343629393774,0.90239,1.22887,2.85592,10.10016,0.6888637863186827,0.97011,1.09316,1.65018,9.40215,0.749990109853132,,0.5774937835284972
J0910+5016,9.997688448562261,0.2574065510299311,16.57026681422247,0.96655,1.07538,1.56134,8.93457,0.5560004722294446,10.785284255155972,0.96655,0.49336,1.56134,8.93457,0.9505349915695414,0.98381,1.07538,1.54076,4.98194,0.895613928394653,,0.7299994567495816
J1526+4410,10.003932303032794,0.34344563121005245,17.574896574696037,0.93756,1.24804,1.46472,6.82546,0.5874216238970644,10.63589519387736,0.93756,1.24804,1.46472,6.82546,0.7988166690957371,1.0,0.94248,1.34437,1.97961,1.0147966198835934,,0.955058268666925
J2322+1521,9.998478779564625,0.3102596566889279,16.77052751984501,0.87111,1.54241,3.65552,7.77903,0.5135057969156368,10.811630470408456,0.87111,1.54241,3.65552,7.77903,0.7252574332078097,0.99857,1.08603,1.49752,2.72604,0.9689409517875993,,0.7198514662214249
J1641+2222,10.005449724974662,0.3498533732701906,23.353796017622752,0.92244,1.19769,1.48076,4.80022,0.6537339944900242,10.826855005922399,0.92244,1.19769,1.48076,4.80022,0.8655159785898361,1.0,0.89779,1.28435,1.9728,1.0249031773966737,,0.9786940491936865
J1322+1424,10.00313163023208,0.3469079891180271,16.894140796622864,0.87681,1.33542,3.74675,4.98807,0.6175820532716383,10.761124246658971,0.87681,1.33542,3.74675,4.98807,0.829232398100701,1.0,0.96245,1.37285,2.08972,1.0084386336223805,,0.9877387766646576
J1451+1436,10.005497801243196,0.3554924843033359,29.140070344721842,0.99169,1.26706,1.42927,4.3914,0.682005194314657,10.847847054022273,0.99169,1.26706,1.42927,4.3914,0.8938288831838553,1.0,0.89749,1.277,1.97017,1.0251635815652531,,0.9397104329948919
J0924+3008,10.004397517821383,0.33301875997375296,20.131714132379567,0.98662,1.03624,1.36842,5.4381,0.6759691425685886,10.738481049573059,0.98662,1.03624,1.36842,5.4381,0.8875737665755121,1.0,0.93006,1.32753,1.98911,1.017455918237854,,0.7104268540775265
J1346+2440,9.967325803285835,0.20747931935939457,21.13149432810432,0.90099,1.07864,2.85674,10.0486,0.49482740453790663,10.622751508685562,0.90099,0.46907,2.85674,9.97606,0.9092689839944,0.93937,1.07864,1.66766,10.0486,0.7189886385064111,,0.675966884726041
J1516+4843,9.96189969949331,0.2086638427707131,20.08149919080138,0.95362,1.08463,1.74903,9.75951,0.5169043155504757,10.486833603818608,0.95362,0.83175,1.15501,9.75951,0.7747060176871378,0.95379,1.08463,1.74903,9.75172,0.7282918050326538,,0.6358314573811469
J1550+5026,9.854426597812415,-0.01279404167339896,20.38739969034048,0.77737,2.44957,8.48884,9.97363,0.3632726210132486,10.400298562582618,0.79599,2.23927,8.48884,9.96852,0.5869310103369826,0.77737,2.44957,6.63172,9.97363,0.5741707009806062,,0.5052034240984732
J1336+5239,10.004582372094493,0.335508451655818,18.392800528680702,0.99782,1.12232,1.35111,9.03248,0.5529707061614086,10.622559057469875,0.99782,1.12232,1.35111,9.03248,0.7643382088440522,1.0,0.92536,1.32086,1.97678,1.018079205120516,,0.7389926376779803
J1259+1318,9.99541773368107,0.20315733433338357,25.777726022032383,0.94624,1.26837,1.71377,9.50907,0.510944529739002,10.907536628962957,0.94624,1.26837,1.65331,9.50907,0.7228859263527502,0.97278,1.11554,1.71377,4.91769,0.8900469785963191,,0.6872301400646617
J0932+3138,10.002911752465533,0.2921741866248754,21.75415956083198,0.84025,1.46674,5.16128,8.50965,0.48371592994857293,10.698234857162365,0.84025,1.46674,5.16128,8.50965,0.6952388117028666,0.99822,0.94682,1.36781,2.86338,0.9862179062277758,,0.7379442294987477
J2202-0926,9.926039094758176,0.11331748062550775,18.750327063643063,0.8679,1.44469,4.27083,9.51956,0.45488502049051527,10.384016453315631,0.91805,0.85423,1.42266,9.51956,0.7622070700881863,0.8679,1.44469,4.27083,8.96144,0.6836639183078849,,0.5387440235228117
J0823+0844,10.002984340733546,0.2914825087355183,24.228808111508393,0.92166,1.14156,1.45902,3.98346,0.682582107695387,10.526919752533255,0.92166,1.14156,1.45902,3.98346,0.8937500461346267,0.99964,0.9623,1.3903,2.48768,0.994304148301424,,0.7114887770489012
J1053+1956,9.953175049372513,0.12301132716848319,18.30749119461762,0.87194,1.47681,3.92314,10.3078,0.43534767223523513,10.622638301487658,0.91775,0.95036,2.57151,10.3078,0.7245016157123767,0.87194,1.47681,3.92314,10.14729,0.651752066175535,,0.574379660204977
J1125+4832,9.948638712130053,0.1788276822739102,18.642366950037825,0.92094,1.25914,2.26503,9.80132,0.47135222076159083,10.068057180051014,0.95229,0.74617,1.20238,9.80132,0.7829573323432347,0.92094,1.25914,2.26503,9.70748,0.684616803022107,,0.4545405685696317
J0946+4929,10.004057885033758,0.34413432345579964,19.426618849476736,0.96324,1.19094,1.40834,3.98752,0.6911821659276468,10.621008308045086,0.96324,1.19094,1.40834,3.98752,0.902546461428989,1.0,0.93885,1.33977,1.97914,1.0154081436951186,,0.9518117844141347
J1623+1516,10.003357625344933,0.3271966138186055,24.02791946483631,0.95777,0.92118,1.8729,8.67191,0.5844022161965094,10.666968210266084,0.95777,0.85407,1.8729,8.67191,0.8100778424421624,0.99896,0.92118,1.32061,2.3009,1.0086796022395315,,0.7361560296904489
J1607+2530,9.95185553198066,0.1990946669364271,18.626742481427858,0.8509,1.23476,3.33525,9.7261,0.4563054604983847,10.17689734017585,0.8509,0.85406,3.33525,9.7261,0.7268783696978897,0.93266,1.23476,1.98207,9.53625,0.700182712270132,,0.5928759309600046
J0829+2223,9.99909646275573,0.2401556138134483,19.540144651734384,0.92619,1.04096,1.8512,5.48726,0.6508243595241971,10.543632162009683,0.92619,0.92223,1.8512,5.48726,0.8826401814202057,0.98666,1.04096,1.49772,3.95004,0.9307827841662174,,0.6873976360155765
J1246+2133,9.994170897787379,0.2594411958238513,18.64187121190165,0.87469,1.44081,5.10558,9.41637,0.4645310331714663,10.525441651174237,0.87469,1.44081,5.10558,9.41637,0.6756958588956864,0.9796,1.16837,1.69691,5.37348,0.8656745436883178,,0.7086468042569978
J1027+2141,9.972717566490948,0.24420094895471833,18.448612284417358,0.96765,0.9961,1.48234,9.10028,0.5542946928717157,10.412835891368184,0.96765,0.63775,0.98803,9.10028,0.8592359979001327,0.97562,0.9961,1.48234,6.81345,0.841081933782024,,0.7343749807670615
J1540+3454,9.977394344520057,0.29394137677301496,15.07608703272274,0.95789,1.03708,1.46522,8.32209,0.5702576300652622,10.452100913537956,0.95789,0.80787,1.32208,8.32209,0.8268630945627328,0.99495,1.03708,1.46522,3.63361,0.9431429665812913,,0.6672490958952145
J1225-0159,9.974512426193607,0.32670966608661667,15.759370054409457,0.94786,1.01047,1.43964,9.75165,0.5244987861955974,10.413976353202218,0.94786,0.54538,0.94133,9.75165,0.8760839057967728,0.99614,1.01047,1.43964,9.74069,0.7518704767215342,,0.7175999105089987
J1153+0050,9.850681108291603,0.14129478649783958,17.171998592833397,0.64935,4.24131,8.53298,9.48382,0.28148694041215316,9.518894918037622,0.64935,4.24131,8.53298,9.48031,0.4904305378221074,0.85991,1.39138,4.86327,9.48382,0.6409834093016183,,0.5724365731803863
J1716+2915,9.979488080803943,0.32283845727603344,20.87370596076187,0.87889,0.96042,3.21488,9.08614,0.5307063889314255,10.386902544279236,0.87889,0.96042,3.21488,9.08614,0.7415755340875196,0.9983,0.94772,1.36318,2.4569,0.9964479040811839,,0.6968571113541776
J0907+1709,10.012967566412303,0.2088819918011861,39.690604782637,0.96788,1.41589,1.90172,10.56501,0.4811128395030968,11.239918933495012,0.97113,1.41589,1.84554,10.26345,0.7037132880885503,0.96788,1.16826,1.90172,10.56501,0.7186375441898122,,0.6757791905971121
J2140+0954,10.002782443515828,0.2539922635613411,27.99076441310114,0.90784,0.94422,1.48183,8.27454,0.57719830712814,10.732113646606997,0.90784,0.86737,1.48183,8.27454,0.8044292572597125,0.99559,0.94422,1.38578,3.15795,0.976958408723903,,0.7093503691310569
J1611+2809,9.972727438715388,0.2962366537056252,19.789648730583785,0.93441,1.22603,1.71438,9.84481,0.4875183312570623,10.39566448818488,0.93441,1.22603,1.71438,9.82659,0.6989906281690788,0.9932,0.96371,1.40715,9.84481,0.7550057152403001,,0.6932990249111599
J2202+2240,9.941797205579583,0.15972114810086968,37.67407717378071,0.92625,1.32341,2.3689,9.83144,0.47522914980995923,10.395840133973781,0.94785,1.32341,2.24542,9.83144,0.6933176080464934,0.92625,1.26934,2.3689,9.52039,0.7014556917463027,,0.5233124709811116
J0938+2530,9.97988756006145,0.32293650259357354,18.672163434648446,0.91568,0.9444,1.83437,8.89552,0.544405941606579,10.094262301315837,0.91568,0.8873,1.83437,8.89552,0.7659806963713418,0.99853,0.9444,1.35927,2.42865,0.9957898675953478,,0.9101679567085443
J1017+6535,9.965009054083469,0.18273190623315066,15.12422756810146,0.9194,1.21559,1.90615,9.3957,0.49729408451883633,10.366331282434908,0.9194,0.67153,1.90615,9.3957,0.8192004767304905,0.95703,1.21559,1.84119,6.89463,0.8010848434819678,,0.6466394123458339
J1055+4848,9.933310049939703,0.23615022882925119,17.10711221144792,0.95284,1.50208,1.9811,9.04062,0.48273016829318666,9.958696614474404,0.9553,1.50208,1.9811,9.04062,0.6934533940164341,0.95284,1.05614,1.65169,8.67878,0.7515948623631356,,0.6179096375484433
J0908+0656,9.978319196493663,0.32345164702726353,11.545639921042074,0.91372,1.0842,1.83142,4.66807,0.6605256943352763,10.088849390632792,0.91372,1.0842,1.83142,4.66807,0.8707311838185491,1.0,1.04767,1.46539,2.42341,0.979014246057235,,0.9300198048777396
J1604+0844,9.89950409105833,0.07755537929210576,19.299521735272506,0.7197,4.05847,6.04412,9.4254,0.3096130184292314,9.545762010827367,0.7197,4.05847,6.04412,9.41478,0.5188735398620912,0.87146,1.39947,3.87479,9.4254,0.6471156866003438,,0.5341859417130301
J0918+5730,9.980597083197507,0.31999107880636,19.74698353556868,0.93638,0.99168,1.89405,4.99295,0.6750502412065219,10.33389539594137,0.93638,0.99168,1.89405,4.99295,0.8858041575443072,0.99925,0.94869,1.36687,2.36039,0.9992933795926998,,0.6580934919095182
J0930+1120,10.003870504054834,0.3339248874701533,19.801009491251325,0.93055,1.19546,1.50132,5.33959,0.6356738445722946,10.50209644177826,0.93055,1.19546,1.50132,5.33959,0.8467893917115198,1.0,0.94403,1.34794,2.00018,1.0130629594077862,,0.9468640617903953
J1607+0321,9.944332196276193,0.20439653945634803,23.81390202932779,0.86878,1.73697,4.52921,9.76881,0.41806152131602864,10.049065964901931,0.86878,1.73697,4.52921,9.76881,0.6281754495675077,0.932,1.14151,1.91112,9.62757,0.70398670231309,,0.5055617100194937
J2116+0842,9.971207793127935,0.3248059058601259,30.598308668706593,0.82653,0.95523,3.34349,9.87819,0.4799416587132412,10.084380824798219,0.82653,0.86702,3.34349,9.87576,0.7079684950532147,0.99179,0.95523,1.37401,9.87819,0.7452235665103416,,0.658103164972677
J0951+0600,9.990077827408339,0.25339510893673994,15.314022703251991,0.85061,1.81638,4.26145,10.08371,0.43513579600204877,11.43691805521681,0.85061,1.81638,4.26145,10.08371,0.6480673626875131,0.93935,1.68581,2.42934,9.47588,0.7024696441363635,0.7372821555075305,0.6311836474717446
J1040+4456,10.021563484207167,0.3122521636527564,23.160424215367897,0.9875,1.14397,1.74371,8.48004,0.5823460862159712,11.482841340693348,0.9875,1.14397,1.74371,8.48004,0.7953592456123507,0.99902,1.03337,1.46036,2.50758,0.9881658446823055,0.9698578239317994,0.9772925743755048
J1303+1918,10.041745000312915,0.2700413599449252,29.040363606174914,0.98835,0.99499,2.11259,9.26214,0.587826063681096,11.771053769402906,0.98958,0.59763,2.11259,9.26214,0.9131202395238894,0.98835,0.99499,1.46148,3.83017,0.955159577816708,0.9566215408237949,0.9218745400830374
J2231+0237,10.046188380251916,0.33916406202487226,40.87941503642252,0.99046,0.99159,2.14763,7.35357,0.6438735131070527,11.816382267057872,0.99046,0.99159,2.14763,7.35357,0.8574602498882561,0.99903,0.86168,1.24084,2.08991,1.0341421148050427,0.998689000423997,1.0201420204508824
J1002+3242,10.039032437136635,0.3545517062663663,31.738691619752167,0.99216,0.98299,1.48255,11.2113,0.5403734932000385,11.948845343475439,0.99216,0.4819,1.48255,11.16051,0.9318985064466783,0.99654,0.98299,1.40758,11.2113,0.7556391377378396,0.7702111776276782,0.7461404916434898
J1022+3831,10.04470781254009,0.30466495229959106,32.775004139168686,0.98049,0.94118,2.02227,6.36987,0.6778922226606032,11.86013075627373,0.98049,0.94118,2.02227,6.36987,0.891551798753958,0.99774,0.92796,1.35252,2.93936,0.9962403164572847,0.9700360233674816,1.0069219212210374
J1517+2700,10.034812694630329,0.25511990545747026,19.26939001826121,0.86874,1.88411,3.15032,10.29262,0.4338815978641577,11.523047400661394,0.86874,1.88411,3.15032,10.29262,0.6469656581345389,0.99503,1.24995,1.75958,9.59442,0.7541390995552716,0.7929222744385959,0.8929248702494316
J1616+2809,10.04085852131287,0.3398832716710256,39.09552437919498,0.99034,1.05853,2.19008,7.38685,0.6341427393811304,11.935156731772064,0.99034,0.87437,2.19008,7.38685,0.8810883631256123,0.99913,1.05853,1.472,2.4602,0.9884508847765296,1.021485888947719,0.7957823249333565
J1228+5116,10.039195479102627,0.3182071046128295,21.058767530736066,0.96149,2.14042,2.39545,9.4783,0.4774978227043358,11.511082192466032,0.96149,2.14042,2.39545,9.4783,0.6905608348435376,0.9976,1.08689,1.52112,2.99737,0.9657460712824495,,0.9618628596043416
J0832+3211,10.030284717405928,0.3164940107846569,19.509163219783204,0.95255,1.43193,2.36649,9.10579,0.5237304933706118,11.506307138034892,0.95255,1.39607,2.36649,9.10579,0.7397748102397693,0.98928,1.43193,1.98927,3.38399,0.9147867924903381,0.8380296163867186,0.9388310236916002
J0910+4421,10.023518314980564,0.33608452799368765,19.49256051001403,0.98725,1.51105,1.83431,5.24723,0.6395200421470237,11.37986430291842,0.98725,1.51105,1.83431,5.24723,0.8523493231364734,1.0,0.98036,1.4027,2.36645,1.0006886980840648,,0.9878846418121707
J0727+3941,10.043290424947827,0.32852268486203157,30.08837829993155,0.92512,2.27216,2.60313,8.67549,0.48634662604915596,11.623790430672395,0.92512,2.27216,2.60313,8.67549,0.699606186139157,0.99844,0.9361,1.35449,2.69074,1.0003617925662918,,0.9901926785699692
J1359+2757,10.036800232909702,0.3201261015700502,27.80325040555816,0.99309,1.19619,1.67659,10.11997,0.5324327909746687,11.575496097167543,0.99309,0.83278,1.67659,10.11997,0.8064102234981104,0.99784,1.19619,1.67589,2.93074,0.9542163226559554,0.9794715536491504,0.7237767950590207
J1433+5315,10.040584813285955,0.35850318235303347,42.260425349916275,0.99652,1.02078,1.44379,10.68733,0.5512796584149181,11.996756279460326,0.99652,0.68516,0.9912,10.68733,0.845141637911261,0.99848,1.02078,1.44379,2.47406,0.9940246990114746,1.0212636605306813,0.9808055739142825
J1053+4025,9.995737133302518,0.19373393790289534,23.629905525426626,0.90894,1.71435,2.70554,10.18983,0.4554899745790339,11.376976870349536,0.90894,1.71435,2.70554,10.18983,0.668314051719587,0.92595,1.34042,2.20518,8.71044,0.7444491677054516,0.7544579584365744,0.7305159586396771
J1358+1327,10.063451969897812,0.3532313822967442,46.2743768048058,0.95092,0.92393,2.27662,6.95973,0.6577717221257776,12.066452266426902,0.95092,0.47644,2.27662,6.95973,1.0411955451531876,0.99905,0.92393,1.32488,1.98823,1.025147722970804,0.9974638884714967,1.0088697506426454
J0854+2903,10.034110186344538,0.34577328630018084,21.52094557105817,0.96058,1.84577,2.57673,11.10498,0.4426017967245053,11.514209862773521,0.96058,1.84577,2.57673,11.10498,0.6556703150063324,0.99671,1.24724,1.74588,11.04292,0.7128421018137802,0.7151472386455633,0.7089116455508798
J1540+1843,10.013544175507482,0.286727035225703,24.290688053700052,0.91806,1.14206,1.81508,8.99163,0.5440326287324649,11.45620685400987,0.91806,0.46905,1.81508,8.99163,0.9663915683034427,0.9811,1.14206,1.64039,8.44025,0.7940550019718827,0.9182617151111053,0.7727205673916986
J1150+2255,10.040725598224881,0.3361894026929583,28.167307316705443,0.99465,1.02717,2.06455,10.40503,0.5479651169434357,11.587694410774638,0.99465,0.83334,2.06455,10.40503,0.7989024329161575,0.9988,1.02717,1.46331,2.47629,0.990624788886414,0.9663431484368572,0.9563682196420397
J1511-0003,10.019880826802781,0.3569214057330134,28.481012481433293,0.99419,1.71388,1.92843,9.09033,0.5177499217746877,11.451624762599284,0.99419,1.71388,1.92843,9.09033,0.7307076893546448,0.99903,1.07392,1.48405,2.46467,0.9831298490893886,1.0153965896946926,0.9761624110355843
J1028+0643,10.041409357336061,0.26150214155653273,28.182386289304986,0.91642,0.9953,2.73059,10.14609,0.5326522689663108,11.508053687147017,0.91642,0.86835,2.73059,10.14609,0.7701911433180921,0.98528,0.9953,1.47241,4.08425,0.9442458231908759,0.942944915572493,0.8070657081476472
J1426+1647,10.044240397826707,0.32629870046578063,48.88132856718536,0.96427,1.30797,2.44932,7.33308,0.5963346959756892,11.897097320977167,0.96427,1.30797,2.44932,7.33308,0.8100554022086359,0.99918,0.92815,1.34704,2.35266,1.0133784237439676,1.0243825738024193,0.7737007256592933
J0956+6017,10.013595596596915,0.16816099124200468,23.029799346644356,0.96392,1.29996,2.1394,8.4515,0.5519842501755134,11.191975029396325,0.96392,0.84561,2.1394,8.4515,0.8333566151578001,0.98307,1.29996,1.84173,4.39226,0.8917499844755149,0.8529718216091724,0.9577665891410705
J1049+1527,10.03951076731073,0.3484355262639322,33.34551275549528,0.99592,1.09296,2.14537,8.71104,0.5905144794324558,11.748979714018288,0.99592,0.77881,2.14537,8.71104,0.8654985411808834,0.99893,1.09296,1.52463,2.47812,0.9818270462673842,1.0114981410944777,0.9515800371140708
J0806+0751,10.021464940591414,0.30427148275366045,24.04273808433459,0.87945,1.27011,4.09667,10.01003,0.48379760196404265,11.329876345093444,0.87945,1.27011,4.09667,10.01003,0.6965364180911594,0.99701,1.04279,1.47066,3.0651,0.9686534685060902,0.9662970251374207,0.979850512245933
J1227+0850,10.019072199220142,0.35122967678864353,23.02124890066026,0.91461,1.59034,1.99156,8.31491,0.5208173531538729,11.424259378502134,0.91461,1.59034,1.99156,8.31491,0.7337263136151745,0.99902,1.1081,1.52556,2.47439,0.9778839893834986,1.0191997005474016,0.9524041905453888
J1455+2336,10.005871821510981,0.2807632903229478,20.377603021655563,0.96852,1.41811,1.94294,9.75318,0.5035826439045983,11.171882547568844,0.99019,1.41811,1.92634,9.75318,0.7232535437956278,0.96852,1.35224,1.94294,9.74771,0.7219183812181617,0.8086796063934892,0.6934034784073587
J1056+3921,10.045603436928412,0.32870480600470725,29.58099372747081,0.96562,1.30758,2.36162,6.47993,0.6176153274227675,11.672857955188494,0.96562,1.30758,2.36162,6.47993,0.8309592687640893,0.99918,0.8872,1.28093,2.28039,1.022464152537801,,1.0220851928737529
J1411-0039,10.015537055096843,0.3278851278857362,15.824424124028855,0.82231,1.12444,3.60368,10.7166,0.45643574299842643,11.158461423440626,0.82231,0.88778,3.60368,10.61124,0.7115178446693734,0.99639,1.12444,1.56343,10.7166,0.7268848553340063,,0.7217711246433628
J0008+1417,10.036266278971146,0.2848299631519928,24.779487576399262,0.97462,1.13638,1.61736,10.5633,0.5217370157654297,11.612043340786027,0.97462,0.49774,1.45985,10.23069,0.9327064008500375,0.98401,1.13638,1.61736,10.5633,0.7381062686268297,0.9556392684559345,
J1513+1807,10.019046333049474,0.3614332855210388,23.029559423551518,0.91489,1.75536,2.16423,7.73719,0.5279601727099862,11.426767418586662,0.91489,1.75536,2.16423,7.73719,0.7408736160791817,0.99891,1.11001,1.51846,2.48379,0.9773301519906257,0.980788350802921,0.9781884381603373
J0937+2900,10.010025352926716,0.23993800214568972,21.29862995794437,0.90949,2.18273,2.83923,10.03602,0.4322417501955737,11.090073969039869,0.90949,2.18273,2.83923,10.03602,0.6445352479079066,0.97966,1.34724,1.93168,8.7559,0.7537544267283055,0.848768123141812,0.6906089340796203
J0003-1020,10.040831027417434,0.31733055034856733,25.157117722214917,0.88358,2.01262,4.3047,10.53961,0.42874473967635884,11.633795147475027,0.88358,2.01262,4.3047,10.53961,0.642021562612569,0.99818,1.0031,1.44694,2.84074,0.9841515995565727,,0.973347190056888
J1453+4254,10.018930998161775,0.3258462078727706,18.76631165338634,0.94554,1.76387,1.97559,6.67105,0.5650440820003243,11.184352166568528,0.94554,1.76387,1.97559,6.67105,0.7775149344444384,0.99953,1.14856,1.59113,2.4759,0.9711619766627079,0.965779637150293,0.9484526037849715
J1353+0202,10.020604007486993,0.31503786186121396,22.588259782534752,0.95093,1.09174,1.8814,9.55342,0.5453397502962657,11.454876957144199,0.95093,0.486,1.8814,9.55342,0.9485773302942349,0.99932,1.09174,1.50646,2.49507,0.9798290780535842,,0.9712050386139852
J1510+0546,10.046648854054926,0.3599172410642333,39.37388726480798,0.98685,2.07375,2.40125,4.64204,0.6298380168415461,11.647503736119795,0.98685,2.07375,2.40125,4.64204,0.8431384453894747,1.0,0.8925,1.27434,1.96998,1.0303636178274491,1.035331339903384,1.0321448170208702
J1055+4044,10.006000544230144,0.30359272754980576,18.847587906273223,0.95551,1.77939,2.61678,9.0339,0.4939130591648244,11.041700414585518,0.95551,1.77939,2.61678,8.45355,0.7236343280664285,0.97874,1.46687,2.06347,9.0339,0.7338132691349405,0.9341620920870378,0.6715402223406336
J2352+0002,9.807994447492254,0.11894087086989233,20.46127527768741,0.74364,2.98453,9.55462,9.99109,0.33794602189756917,10.354121796901104,0.74364,2.98453,9.55462,9.99109,0.5487440463065698,0.79754,1.83501,9.53331,9.99067,0.6017067385541828,0.5511157025756804,0.6115643248602519
J1330+0121,10.035828741480676,0.3489546959948022,31.934485248787844,0.97366,1.252,2.1388,11.30916,0.4857856332782817,11.586300848715068,0.97366,1.252,2.1388,11.23178,0.7012064332923188,0.99476,1.00974,1.4488,11.30916,0.7379522256560085,0.754124803997925,0.717000119922238
J1609+0047,10.016707442755528,0.29286978462644936,21.939233442734928,0.84564,1.79223,3.79024,9.53995,0.44434221636455895,11.167257902946137,0.84564,1.79223,3.79024,9.53995,0.6567811335967135,0.99639,1.15323,1.62576,3.62693,0.9350574505272967,0.9323954589678318,0.9506143514912319
J1241+1835,10.040075483173515,0.34126861914393214,35.77545750535827,0.94594,2.03791,2.39165,11.24027,0.4290260774361891,11.6568677233035,0.94594,2.03791,2.39165,11.17911,0.6440914959470044,0.99615,0.93751,1.35303,11.24027,0.755072012600622,0.7649638822347988,0.7305076780000698
J1508+6049,10.046280093777344,0.35622272026511137,36.80267783516871,0.99974,0.90228,2.28814,2.4963,0.7999343315729983,11.657570510710482,0.99974,0.8726,2.28814,2.4963,1.0195349008720618,1.0,0.90228,1.28944,1.97296,1.0283029645997026,1.0468246586068204,1.0265341391427842
J1247+2345,9.995104622062799,0.3173791977113793,19.451039053107003,0.74983,2.91149,4.75857,10.33554,0.34665836657529714,10.929750638913967,0.74983,2.91149,4.75857,10.32447,0.558980851544376,0.99392,0.97442,1.40078,10.33554,0.7538040353232996,,0.7441434897607196
J0840+2500,10.042822161084363,0.3156578643784495,34.636258729971,0.9522,0.92522,2.4324,10.34433,0.5553355577090219,11.667393819552755,0.9522,0.89666,2.4324,10.34433,0.7744077887250921,0.99738,0.92522,1.34893,10.04383,0.7923153167063711,0.9698440663805931,0.7585138893740883
J1302+0125,10.005618489607633,0.2570012475573945,22.55416336704536,0.93565,1.27764,1.89526,10.5303,0.48021411286315735,11.090712862606738,0.93565,1.19989,1.89526,10.5303,0.7009615957399461,0.96179,1.27764,1.86899,9.40367,0.7350832195083643,0.7413239104355892,0.6925802484560935
J0916+6347,10.014618999348706,0.28901624515828644,19.284542490506826,0.97834,1.2745,2.37532,8.91613,0.5450612804242286,11.1713121942491,0.97834,0.74425,2.37532,8.91613,0.8506766325291895,0.9872,1.2745,1.8095,4.45453,0.8935878205152675,0.9328957082632403,0.7270513185117755
J1421+2407,9.992371636987492,0.2740851012300648,16.840563453564688,0.97928,1.15276,1.65967,9.39453,0.5388495979239036,10.916291953432227,0.9875,1.08787,1.59792,9.39453,0.7621721890443204,0.97928,1.15276,1.65967,7.89803,0.796504376774872,0.8313106414922382,0.7769792157299517
J0102+1409,10.008540013551688,0.3079849687473138,20.682218324210798,0.96821,1.51296,1.9008,9.82366,0.49194359639572083,11.087780288715388,0.96821,1.51296,1.9008,9.31697,0.7194654268863935,0.98732,1.31337,1.85432,9.82366,0.7273434176342656,0.8038303984775877,0.7044130765121421
J1156+3454,9.991983200604386,0.16911914537056214,19.894076309437704,0.95242,1.30857,1.86929,8.26615,0.5483059572772946,10.971817276781675,0.95242,0.77724,1.46246,8.26615,0.8474411673493835,0.98617,1.30857,1.86929,4.32572,0.8913363669777407,0.8865683929798897,0.7031007390164247
J1512+0758,10.04529350935969,0.34987192415209867,29.263945111573612,0.99973,0.93167,1.33741,2.48808,0.7940009401569906,11.580987345414565,0.99973,0.69937,0.97335,2.48808,1.066605788315692,1.0,0.93167,1.33741,1.98097,1.0218723576865196,1.0147660882060283,0.973308023116644
J1233+1702,9.90563232105818,0.10625518415362509,17.091943503456044,0.73278,3.12714,6.51005,10.16288,0.3374597297715147,10.749714111786167,0.73278,3.12714,6.0713,10.16288,0.5490870594933192,0.77822,2.48362,6.51005,9.80738,0.5890667869319036,0.6301216204437045,0.4908265056957477
J1237+5715,10.01495572295116,0.3468949751644241,22.59035364202272,0.96305,1.22974,1.72479,10.38972,0.5040992959632854,11.302045869410343,0.96305,0.77817,1.6749,10.38972,0.7954351034671813,0.99726,1.22974,1.72479,2.96247,0.9472439935808706,0.9568710338985652,0.7217052800525835
J1317+0151,10.040905252250417,0.3586313326070582,38.08170413865906,0.9652,1.79313,2.34795,10.41698,0.4686670734843607,11.594876942916088,0.9652,1.79313,2.34795,10.41698,0.6818765767432499,0.99887,1.03102,1.45052,2.45586,0.9906736778253764,1.017785057188387,0.9792618960769751
J0859+0827,10.023488667947161,0.35111156510563024,36.13860969875145,0.98402,1.67495,2.09597,7.64116,0.5576717172639403,11.38788897152042,0.98402,1.67495,2.09597,7.64116,0.7705154467807217,0.99944,0.96303,1.37606,1.99329,1.0145328907302777,1.0225957637962484,0.982236666374674
J1710+3941,10.044656498536137,0.3634520078922909,41.921966480250305,0.97499,1.63962,2.26094,7.50577,0.5675472843626405,11.789030109005822,0.97499,1.63962,2.26094,7.50577,0.7810882063461134,0.9993,0.92499,1.32218,1.99943,1.0234151647256715,1.0229838990367341,1.0106323387516023
J0752+3514,9.940665584825522,0.3249175616710402,20.55386232053975,0.63516,4.42375,6.28599,10.49749,0.28617263099711887,11.012518999637868,0.63516,4.42375,6.28599,10.49749,0.49831795699616227,0.89633,1.79556,2.95547,10.47263,0.6412732268276563,0.6575566241509109,0.6361899829270211
J1712+6401,10.043477586399687,0.35950462310245285,38.074399000172086,0.98126,2.07719,2.41115,7.39376,0.548008052322023,11.581988759536797,0.98126,2.07719,2.41115,7.39376,0.7611951622236331,1.0,0.98359,1.40568,2.33938,1.0021191937048393,1.021550828409323,0.9661764139346882
J1512+4351,9.94526964636896,0.1702905410053205,22.49781688190292,0.86015,1.68357,4.51502,10.93354,0.40945503013185225,11.018345243067502,0.88673,1.2342,3.20586,10.90894,0.6672600324870865,0.86015,1.68357,4.51502,10.93354,0.6216115598539408,0.6076222935455188,0.6023873257309752
J0750+2259,10.04172292206397,0.371567128729135,43.31734152154877,0.98997,1.16026,1.85264,4.49902,0.7014093971835583,11.996411452468209,0.98997,1.16026,1.85264,4.49902,0.9152924695569505,0.9993,1.00074,1.43928,2.46302,0.9978724029855304,1.0058090809907814,0.9679619946420597
J1441+1421,9.817592414415673,0.2905354632165964,37.54467249902211,0.41697,6.34399,9.43926,10.50889,0.20814370063409074,11.257071105756005,0.41697,6.34399,8.8442,10.50889,0.42074932147975713,0.57484,4.19898,9.43926,10.46914,0.4879702879073006,0.583265069391888,0.4182085792023183
J2241-0048,9.995951671640238,0.27905694214331256,15.960409678289643,0.77446,2.30719,3.43205,10.63131,0.3631140988695287,11.012378192247635,0.77446,2.30719,3.43205,10.63131,0.5752591539527023,0.96631,1.2827,1.86972,10.11294,0.7125959866290325,0.7126336864728793,0.699364854399546
J0010+1431,10.002215166951652,0.23866360060295114,19.108154755148796,0.95244,1.51519,2.21892,7.88084,0.5449410714453876,11.088244002106551,0.95244,1.51519,1.94289,7.88084,0.757231096813185,0.9529,1.48532,2.21892,7.43229,0.7730807409935148,0.8253978565937626,0.7689612021591259
J1141+0545,10.022640629641932,0.32751291110425934,25.003262048669104,0.92097,1.6357,2.4325,5.99784,0.586693350244515,11.354879145667287,0.92097,1.6357,2.4325,5.99784,0.7994775143317477,0.99907,0.9726,1.39199,2.38894,1.0009223673732646,0.9819576631783877,0.9816262649793916
J1558+2714,10.022305332021173,0.355914133268379,19.64836727267766,0.87808,1.88552,3.13586,9.23943,0.46629479223492276,11.471954587368447,0.87808,1.88552,3.13586,9.23943,0.6792886680193,1.0,1.02039,1.44281,2.39326,0.9937967976132542,,0.9854219666897289
J0858+5528,10.02385876942253,0.310121769753089,35.687462010138326,0.918,0.92879,2.33917,9.63924,0.5593479891785547,11.485731767733427,0.918,0.46738,2.33917,9.63924,0.9495190932904835,0.99822,0.92879,1.35,2.86121,0.9958149595017067,,1.018016777975094
J1138+5952,10.019332617149205,0.35727790452114383,34.88263038143251,0.93078,1.63901,1.93853,8.49042,0.5139943301170976,11.227666747313076,0.93078,1.63901,1.93853,8.49042,0.7265456667466926,0.99912,1.10232,1.51484,2.46922,0.9775953287987044,1.0154864795952894,0.9550248366905681
J1105+0053,10.010844889477823,0.24635713697963485,27.85428428912854,0.91721,1.3964,2.31093,10.78188,0.4635284766025312,11.39597027493245,0.91721,1.3964,2.31093,10.70079,0.678758627112798,0.97329,1.16329,1.72787,10.78188,0.7189973511065558,0.7205794981856256,0.7095376253887796
J1410+0727,9.993777583460991,0.2709665019026622,19.829901459411847,0.98368,1.3353,1.79598,8.65943,0.5420650450490521,10.874540216785432,0.98368,1.3353,1.79598,8.65943,0.7539415325128772,0.9898,1.26524,1.79005,3.89364,0.9089769805629221,0.936221646938324,0.9182309001628838
J1502+2334,10.008551017856297,0.2664514057070541,26.614920629584308,0.9669,1.28064,1.86061,9.3169,0.5312686925833573,11.285700649458395,0.97145,0.85798,1.66945,8.99917,0.8189394644654234,0.9669,1.28064,1.86061,9.3169,0.743926895450198,0.7743056178162752,0.7359736988445946
J0858+5240,10.023923300863633,0.35482188038819357,38.72862626945287,0.98015,1.50826,1.84128,5.45683,0.6311771910752341,11.376539790282365,0.98015,1.50826,1.84128,5.45683,0.8440004802620473,0.99976,0.96317,1.37296,1.98454,1.0148125723793155,1.0336689632185294,0.9917584917813344
J1603+0726,10.00224720288489,0.3464233331105224,17.787646363467243,0.99682,0.98341,1.40716,9.15441,0.5764372522279705,10.895656060813302,0.99682,0.4612,1.19292,9.15441,0.9802531315878754,1.0,0.98341,1.40716,2.35815,0.9973348818904761,1.0086667377094727,0.9955498916642047
J1545+4421,9.953531346533142,0.18212495137886464,21.391721781777004,0.83527,2.27545,4.26189,10.60017,0.38565650923430167,11.024231173300894,0.84823,1.36407,4.11862,10.60017,0.6510821282197581,0.83527,2.27545,4.26189,9.93518,0.6179312653465528,0.6477584424262377,0.4577490651077159
J1108+5006,10.016117995814538,0.3358824079338968,11.41125112115743,0.99276,1.25887,1.76445,3.90122,0.7010439132434221,11.161471240951947,0.99276,0.46516,0.97888,3.90122,1.1393777844797166,0.99816,1.25887,1.76445,2.89157,0.9454248327093039,0.9535842601134474,0.9425003249355797
J1420+4225,10.00923094628353,0.32859953654902835,19.052438315400035,0.82824,1.88625,3.82816,9.80649,0.43143380031905304,11.397147967295952,0.82824,1.88625,3.82816,9.80649,0.6442941755050602,0.99042,1.42865,1.97593,3.38854,0.9143620061616488,0.9412007861056355,0.69312353030274
J0748+3445,10.018976356752633,0.3588376673278862,31.420688218320954,0.99309,1.72333,2.07516,3.9177,0.6636876899261129,11.013376896640724,0.99309,1.72333,2.07516,3.9177,0.8758346663842443,0.99933,1.12723,1.5547,2.46891,0.9729071498551543,0.9888729994707184,0.9712049650666694
J1640+1300,9.996223023124001,0.3353974234921596,17.558973936267094,0.98645,1.15056,1.5929,9.35124,0.5411610894645217,10.847436740818788,0.98645,1.10138,1.4179,9.35124,0.7594522745804092,0.99855,1.15056,1.5929,2.48918,0.9678830894765071,0.9612973550862899,0.7258859395818544
J0750+5139,10.0132039519288,0.3381309371064757,24.453282835976708,0.92187,1.29193,1.93157,9.87709,0.49975220869318343,11.334900969719104,0.92187,1.29193,1.93157,9.87709,0.7125001541209076,0.99627,1.2822,1.79362,2.98885,0.9408463932133438,0.9608023398265275,0.7007609534240645
J0051+0427,10.022304238688767,0.29423257193055835,28.735852177287295,0.95227,1.73936,1.95202,9.16029,0.4910363997285107,11.035791505218382,0.95227,1.73936,1.95202,9.16029,0.7032264074360383,0.99511,0.97484,1.41301,3.36104,0.9678188513198478,0.9517031928365599,0.9596293877390695
J0145-0854,9.981914194673097,0.19042635529909638,17.76039049524725,0.94008,1.41352,2.19372,8.26437,0.5315226928845249,10.818006858374996,0.96988,0.54646,1.82942,8.26437,0.9403047789943996,0.94008,1.41352,2.19372,6.3659,0.8017842705081385,0.8460063690853774,0.7791658834264338
J1523+2215,10.024933529936792,0.3417642156588584,25.441889396212638,0.99975,0.94325,1.5925,1.99605,0.805225108818186,11.35324035096358,0.99975,0.44708,1.5925,1.99605,1.2141016115707257,1.0,0.94325,1.34893,1.98195,1.0185036187766732,1.0086710505382102,0.971491734190943
J1627+0113,9.872056700879222,0.13578276338435427,25.63621674259486,0.65198,5.30042,8.21115,10.26473,0.2833363605679258,10.671312380287137,0.65198,5.30042,7.64318,10.26473,0.49480421709595407,0.77421,2.32078,8.21115,10.20638,0.5777410807981372,0.6461945937703938,
J0803+2020,10.017678542029444,0.34527396257239934,28.76212301556059,0.9151,1.58112,1.96168,10.5805,0.44906026921697134,11.175130808603368,0.9151,1.58112,1.96168,10.34804,0.6684477553530007,0.99762,1.09203,1.50105,10.5805,0.7362310223293544,0.9968266917276406,0.7279153942935931
J1215+2111,9.985663178857205,0.33195446654221183,17.93143767076481,0.94057,1.45148,2.15411,10.26553,0.4732213044419083,11.053533847903966,0.94057,1.27827,1.94143,10.26553,0.7010044784035027,0.95456,1.45148,2.15411,10.25595,0.690397480289375,0.6991461335892173,
J1446+3452,9.995714370189448,0.33500432630345783,20.01713018798872,0.9922,1.11162,1.54221,10.11938,0.5262208443846644,10.910502423883129,0.9922,1.03816,1.38559,9.98205,0.752972819427117,0.99737,1.11162,1.54221,10.11938,0.7398913892882705,0.7546723951260995,0.7278196237173363
J2251+1505,9.978241821676168,0.23313314625816128,18.681348371574497,0.82606,1.5054,3.28739,9.33164,0.4559457330412536,10.921143793648874,0.82606,1.35192,3.28739,9.33164,0.6804826934218625,0.9619,1.5054,2.21411,9.08909,0.7205968536050774,0.700445993265333,0.7179226219743077
J0831+5115,9.994544927088581,0.24560102114824134,14.749120916329998,0.95249,1.24771,2.09924,9.5459,0.5137478139408572,10.89422441431227,0.95249,1.24771,2.09924,9.5459,0.725663070643899,0.97444,1.1374,1.66832,5.94716,0.8560462733837699,,0.8048199753929097
J1714+3812,10.018586573028877,0.3591973328736334,33.94172540545055,0.98346,1.09894,1.50575,9.31214,0.5626423514153293,11.474945729072513,0.98346,0.44682,0.89482,9.31214,0.9969865125977345,0.99845,1.09894,1.50575,2.48685,0.9789046381154218,0.9870723445968128,0.734828834385047
J0038-0058,10.012512734519124,0.3354904788896663,18.92460214778407,0.99411,1.56259,1.84811,3.96362,0.6744619822169474,11.226545853964813,0.99411,1.56259,1.83137,3.96362,0.8870112439071823,0.99589,1.3242,1.84811,2.97497,0.9361607420297636,0.9509286892083729,0.8710367909915536
J1436+0404,9.87965028658267,0.23551890491502803,24.70266845765526,0.68879,3.84745,9.07434,10.38579,0.30666417705462673,10.776912834476379,0.68879,3.84745,7.9924,10.38579,0.5183462882877982,0.83729,1.78655,9.07434,9.98149,0.6303223544128513,0.611866268811923,0.6137602054834542
J1415+1227,9.95930885017688,0.32935778762522305,17.486233742842888,0.89326,2.10345,2.94622,9.94018,0.4229313007286006,10.717342520600637,0.92847,0.75815,1.36728,9.70807,0.7940473333633128,0.89326,2.10345,2.94622,9.94018,0.6344930677538846,0.7020783823969937,0.5424181196998034
J1303+3938,9.833094661872558,0.29194396700107444,24.873741141922352,0.42674,7.00787,8.84502,10.55524,0.2041996674271913,11.12971032827399,0.57206,7.00787,8.73476,10.55524,0.4650080945364541,0.42674,4.26712,8.84502,10.46734,0.4344762526472657,0.5401284301309189,0.32045434350196067
J0758+1558,10.021048805915493,0.26411274371448035,21.22528169865898,0.84717,1.67367,5.10367,7.47283,0.5146757275584669,11.25265118109617,0.84717,1.67367,5.10367,7.47283,0.7272732067736775,0.98755,0.99676,1.46417,3.81614,0.9500142471904635,,0.9979194618537194
J1304+1438,9.990439232542565,0.280588130832032,17.665549143482803,0.97246,1.34643,1.89304,9.17585,0.5214011581999016,10.871925423371106,0.97246,0.92059,1.44641,9.17585,0.790531671148651,0.99172,1.34643,1.89304,3.47863,0.9143693026300074,0.9218708490681836,0.8633827572708554
J1047+2007,9.997457646770421,0.31702672333242243,16.802413919863508,0.98003,1.10751,1.534,9.85625,0.5321191535718063,10.963786669333677,0.98003,0.6853,1.33641,9.85625,0.8368850618245479,0.99857,1.10751,1.534,2.49588,0.9741285222888946,0.9608953531868595,0.9616952528806809
J0154+1343,9.987134120341658,0.30713714040025003,15.73161001243991,0.98827,1.30856,1.84723,9.90362,0.5110303663923584,10.992306756557463,0.99553,0.45069,1.25703,9.90362,0.9679936022655621,0.98827,1.30856,1.84723,9.62582,0.7315608061702168,0.7559598046099305,0.7183782684595674
J1540+1453,10.014450424479417,0.3394747736497126,22.4453456632355,0.98616,1.18362,1.85064,10.67089,0.5061300746988072,11.200696813493785,0.98616,0.89343,1.85064,10.2659,0.7764199143835269,0.99635,1.18362,1.65884,10.67089,0.7220280374408903,0.7315642310568761,0.7516253742550786
J1610+0903,10.01698506478234,0.2808503916579132,23.994347582414,0.87335,1.74231,4.01369,10.34155,0.4286154636934632,11.025479848594417,0.87335,1.74231,4.01369,10.34155,0.6407856969588136,0.98696,1.09369,1.55846,4.96694,0.8978771478541633,0.8840183393020439,0.7684328056069387
J1732+3102,10.02434596192102,0.3575550204890178,46.789670084859104,0.98471,0.9277,1.90907,9.49813,0.5822126804562707,11.322631984746229,0.98471,0.47927,1.90907,9.49813,0.9630336341066642,0.9991,0.9277,1.32867,1.98778,1.0208364057424897,1.0261209490254555,1.0235381195767352
J1146+0736,10.017654043638213,0.2643350582422536,39.173239287798914,0.93141,2.12159,2.69508,10.40023,0.4415826603213869,11.515890725822501,0.93141,2.12159,2.69508,10.34541,0.656240929335313,0.95073,1.40402,2.09306,10.40023,0.7012434633986414,0.7353351682797676,0.6216778926527138
J1107+6506,9.992765951329229,0.3348331411638416,16.535163169703576,0.97821,1.21687,1.7065,10.11633,0.5088696674089203,10.917595036990122,0.97821,0.84903,1.24632,9.72463,0.7921290962873817,0.99642,1.21687,1.7065,10.11633,0.7269007724682819,0.7388973976968204,0.714123137833706
J0950+5713,10.032437681746387,0.26175781669892584,24.9568862352219,0.89992,1.19022,3.00248,10.26683,0.4979097459792227,11.57817750089013,0.89992,1.14874,3.00248,10.26683,0.7161465903134362,0.97389,1.19022,1.75622,9.28793,0.7639292192412728,0.9050177123735695,0.7471230428692582
J1434+1357,10.04151412142858,0.3292125825340265,29.903819067832604,0.94561,2.05816,2.52611,9.24293,0.48242401389932144,11.524668291931322,0.94561,2.05816,2.52611,9.24293,0.6955109221362643,0.99952,1.0392,1.46846,2.46221,0.9890041359794473,0.9905574718125938,0.8693899522134462
J1242+3343,9.992691802519774,0.23143387923098088,23.160438919987847,0.96322,1.10985,1.66266,7.44691,0.5967967864442362,10.823787162395666,0.97006,0.72894,1.39973,7.44691,0.8893247224041368,0.96322,1.10985,1.66266,6.92097,0.824769703951806,0.8925596710884975,0.767537879729467
J1311+1913,9.9939531785629,0.3382998327429922,18.279200874197464,0.98354,1.21583,1.71178,9.61394,0.5247456735846788,10.863442528739828,0.98354,0.45885,1.22995,9.61394,0.9627465816508378,0.99712,1.21583,1.71178,2.96833,0.9450404768026143,0.9715134924938965,0.72850864347836
J1618+1648,10.016841178603704,0.3573089647283796,31.634010998108824,0.98788,1.13646,1.57137,10.54296,0.5230394267666413,11.462303709403246,0.98788,0.73171,1.40961,9.27258,0.854082597504068,0.99781,1.13646,1.57137,10.54296,0.7393261774051787,0.9830812262868424,0.7239523390911827
J1504+0440,10.021587792187725,0.31897275715173323,32.5237193451794,0.91814,1.77749,2.35757,9.41532,0.47930082096204574,11.444440592807519,0.91814,1.77749,2.35757,9.41532,0.6922457979190982,0.99821,0.97358,1.397,2.49752,0.9978495009543084,0.9599330948183645,0.7463933777622813
J1040+5722,10.004787920380478,0.21497872063605045,26.164145789954226,0.94121,1.73181,1.97851,9.6031,0.47785171750374583,11.179600729801717,0.94324,1.73181,1.95571,9.6031,0.6909903698614878,0.94121,1.2967,1.97851,7.65477,0.780698496709368,0.8007908398299138,0.7568510599742565
J1155+2532,9.997393094965078,0.3392483363695303,22.607850528615803,0.97185,1.14521,1.67951,7.93974,0.5822848715061376,10.942832436863917,0.97185,1.14521,1.67951,7.93974,0.7942952672289776,0.99853,1.1004,1.51934,2.488,0.9751822625886147,0.9962086687633659,0.7753475511131908
J1236+3752,10.010779200548567,0.3376002226349957,16.830029907328985,0.96767,1.39819,1.94697,9.25525,0.5168307642724304,11.04212552431852,0.96767,0.85711,1.77974,9.25525,0.8042830688599106,0.99059,1.39819,1.94697,3.37383,0.9142178239482374,0.9394967827015982,0.6643834625775443
J0800+2806,10.001599289872754,0.3577522431179558,22.596462239562886,0.99224,0.99869,1.42682,3.95305,0.7314709064726639,10.898605538130566,0.99224,0.772,1.2688,3.95305,0.9923989512176044,1.0,0.99869,1.42682,2.37828,0.9941457054219262,1.0165552083021023,0.9797735948342071
J1436+6325,10.024091784751313,0.342404001237697,34.85704061218662,0.92475,1.65855,2.45655,5.97441,0.5837785725472915,11.106770101035295,0.92475,1.65855,2.45655,5.97441,0.7961036981649018,0.99936,0.94354,1.35136,1.98941,1.0167207869905874,0.9713840118968218,0.9867086449199833
J1352+0116,9.86048061170332,0.09476940397178477,19.246411571977614,0.59393,5.61217,9.07158,10.42604,0.26223825280579044,10.851233243073448,0.59393,5.61217,9.07158,10.41428,0.4744299031438041,0.77545,2.47678,9.02077,10.42604,0.5721696262402731,0.5602042349053635,0.5571538559503469
J1504+0639,9.996344768889454,0.33394687239643744,15.432215155142826,0.90244,1.41458,2.88252,7.86193,0.532464868132541,10.876008636423913,0.90244,1.41458,2.88252,7.86193,0.7443442525832028,0.99845,1.1448,1.59224,2.49873,0.9684868483265016,0.9711390351499798,0.9445195974558777
J2142+0029,10.011153157777168,0.2029007695422439,29.891498788679453,0.95358,1.10941,1.93393,9.96284,0.5231253212658823,11.09462941085326,0.9702,0.92451,1.93393,9.96284,0.7710131333428931,0.95358,1.10941,1.79376,9.38748,0.7527138998058719,,0.7496672469906921
J1439+0006,9.980029902791612,0.23098821221869204,30.203129517811448,0.93947,1.18913,1.87833,10.11869,0.5009767613971413,10.990108595133105,0.93947,1.03348,1.87833,10.11869,0.7341878238041,0.95156,1.18913,1.83128,9.90424,0.7236132156829215,0.7244533430751599,0.7093160048689077
J0810+0733,9.996482208084899,0.3331362089080224,20.87181625259884,0.9434,1.27237,1.59284,3.98612,0.6778669753315593,10.853643620791201,0.9434,1.27237,1.47649,3.98612,0.8897021517799216,0.99834,1.14836,1.59284,2.49338,0.9680053567399378,0.9849644951621118,0.743740650289992
J1140+2854,9.974254801889968,0.3177861520766433,17.519754446410545,0.92319,1.74653,2.46156,10.13995,0.44519069706844966,10.802095906542931,0.92319,1.29886,2.30799,10.13995,0.6898136230350218,0.94637,1.74653,2.46156,9.3635,0.6886098071479944,0.7116549524179474,
J1122+2017,9.987666085804056,0.30593136665237475,17.212857879619797,0.91242,1.34403,2.50567,10.07823,0.46945642596125975,10.704932690283636,0.91242,1.1748,2.50567,9.96589,0.7023539807439856,0.98791,1.34403,1.88765,10.07823,0.7061562873528106,0.7225270033811274,0.7237279853513024
J0939+1319,10.020262577722285,0.2872736354802797,22.05151921307178,0.89795,1.01544,4.01478,9.61137,0.5276949370411106,11.038998084592738,0.89795,0.75756,4.01478,9.61137,0.7957632010402097,0.99259,1.01544,1.45959,3.67656,0.9506451399069028,,0.9640383285130408
J1207+5235,9.995966740893431,0.31803889456673684,18.12986008734895,0.92253,1.31002,2.3124,8.47471,0.5297343034267311,10.873710364789854,0.92253,1.31002,2.3124,8.47471,0.7416091533624479,0.99681,1.15097,1.60927,8.41288,0.7858454258290303,0.9560080877836143,0.777671295901165
J1547+0311,10.01543231605283,0.3605316620093369,35.15010341296032,0.99658,1.5901,1.83842,2.98363,0.7035034355129902,11.388805273419603,0.99848,1.5901,1.83842,2.68072,0.9258478705095574,0.99658,1.24352,1.74947,2.98363,0.9455617379516098,1.0006997811006089,0.712925179666778
J1506+4212,9.996862369583177,0.32422236415665895,14.707687600453774,0.91116,1.38495,2.40108,8.10136,0.5249596366762639,10.614236943639828,0.91116,1.38495,2.40108,8.10136,0.7363099170051935,0.99965,1.18854,1.65601,2.49224,0.9618441945189641,0.9907915020132366,0.9429520772191005
J1101+4154,9.964755957843153,0.007186589461545526,21.644995102037033,0.66813,3.29862,5.64895,8.99673,0.3566242880608834,11.064730953327278,0.66813,3.29862,5.47096,8.99673,0.5688695954568876,0.85604,1.80801,5.64895,8.84327,0.6777855612864828,0.8557901645196097,
J1339+1347,9.911120132218414,0.3276578397443703,23.394961235171337,0.75808,2.8435,6.36455,9.39861,0.3780037871839969,10.874509361706874,0.75808,2.81658,6.36455,9.39861,0.5904404207025166,0.75911,2.8435,4.39221,9.38575,0.5906177411297362,0.7405522211159786,
J1107+4912,9.992847183178604,0.2584604227062653,17.725000509347748,0.98082,1.25588,1.80506,7.62602,0.5738209322286884,10.534120450461957,0.9962,0.98965,1.44358,7.62602,0.8258313259673167,0.98082,1.25588,1.80506,4.92242,0.8705545911807949,0.9022106351111114,0.9204249587335327
J0022+0910,10.004457463976763,0.3211315222713583,40.14170026471181,0.89992,1.81423,2.90059,10.42775,0.43847487933875956,11.31009603881533,0.89992,1.81423,2.90059,10.42775,0.6511776775703083,0.98525,1.34325,1.89352,10.3686,0.7135751289705752,0.72952710041554,0.7090260598891258
J1312+3331,10.008020141459992,0.2351395381267333,25.655440465858508,0.8834,1.57279,3.76909,10.15117,0.4493936557758191,11.078288943613519,0.8834,1.57279,3.76909,10.15117,0.6616647714218401,0.95707,1.23095,1.85767,9.78131,0.7267780938544438,0.7575576695096551,0.7071581059849521
J0841+4318,9.997953009378186,0.34062144770187835,23.498163160722783,0.90732,1.40084,1.96664,8.24982,0.5225453351736349,10.837901836516313,0.90732,1.40084,1.96664,8.24982,0.734349286081012,0.99893,1.098,1.51024,2.47837,0.9752090751267158,0.9930702577682141,0.9528031612817145
J1032+3728,10.019461782143201,0.3609599369470638,31.571515637137658,0.9977,1.65223,2.09624,3.38495,0.6876507923110836,11.311295094010243,0.9977,1.65223,2.09624,3.38495,0.9003557774849836,0.99905,1.09592,1.49685,2.46706,0.9790605996558016,1.0157821513807423,0.9511398605989684
J1414-0003,9.915371926128676,0.2774494108186053,21.781690634370488,0.84634,2.07055,6.31613,9.96814,0.40506338924419377,10.620908503084719,0.85644,1.40851,6.31613,9.96814,0.6576285860426346,0.84634,2.07055,6.18065,9.45379,0.6325701651492845,0.6973987137752746,0.5200112150202622
J1300+1209,9.97905734862604,0.3317744261929744,18.89976692851891,0.89527,1.58347,3.03193,10.2317,0.4419208313055065,10.76700098984673,0.89527,0.49134,3.03193,10.00857,0.8944451963922478,0.97028,1.58347,2.24731,10.2317,0.6785863442727013,0.7078660900226605,0.6415489933431332
J1421+5354,9.99369230879102,0.2964043720740598,15.99329913998146,0.92425,1.19142,1.68297,10.04647,0.4910391064944574,10.733199747749556,0.92425,1.12352,1.4476,10.00149,0.7124841567016128,0.99327,1.19142,1.68297,10.04647,0.7256397054940934,0.8916571364589793,0.7112077146703327
J0907+1536,9.76566254732033,0.29134938932561283,20.464495617571227,0.60503,7.67411,9.01916,9.94821,0.2539025635701992,10.17991171563522,0.60503,7.67411,8.80023,9.94821,0.4643149384658518,0.74037,3.49096,9.01916,9.49671,0.5502366042584731,0.5724083899369776,
J0749+2914,10.002279065909379,0.33670646093626727,25.56579127590639,0.95303,1.3774,2.09093,9.76108,0.4926423654445595,10.811381435019753,0.95303,1.3774,2.09093,9.76108,0.7043935046118883,0.99865,0.93971,1.34541,2.33787,1.004829161494993,1.0127259793726633,0.9852208362864726
J1404+0219,9.97321507929491,0.20704867715508057,24.87042569034289,0.87911,1.42533,4.20145,9.89885,0.45902168376655283,10.78612663750096,0.87911,1.42533,4.20145,9.89885,0.6707222900630937,0.93109,1.21192,1.94231,9.34217,0.725843380873421,0.7314603906032341,0.6923517561796709
J1053+0944,9.978171253481639,0.34253639433536576,21.446843981306426,0.71049,3.08214,3.44142,9.43573,0.34876887571565457,10.570718836902435,0.71049,3.08214,3.44142,9.37816,0.561844047173964,0.96362,1.46609,2.16628,9.43573,0.7040114001191125,0.9424816399916867,
J0930+1512,9.999037349708225,0.33548989183642,21.93370156971966,0.90925,1.22397,1.48396,9.34299,0.5090570899162334,10.932391596627047,0.90925,1.22397,1.48396,9.34299,0.7210471214412668,0.99833,1.02005,1.44831,2.48818,0.9869683358060254,0.9865018412054393,0.9785988690163333
J1216+1653,9.874843449680924,0.04075840443838743,21.0264843049838,0.7735,2.61247,6.85024,9.48585,0.37478732929883934,10.452777786566845,0.77678,2.47542,6.85024,9.48585,0.5904234370610398,0.7735,2.61247,5.65918,9.47389,0.5861794455366168,0.5957676495035072,0.5431107776920787
J1434+0136,10.000404139676146,0.335556839629507,17.12787349839827,0.94287,1.30527,1.48655,5.43299,0.6310404405367326,10.935461345043686,0.94287,1.30527,1.48655,5.43299,0.8430364634474848,1.0,1.05449,1.47062,2.43857,0.9837221098053043,0.9923695432318297,0.9453013156125424
J1511+3020,9.803684165218009,-0.051513380603951574,38.53872141598507,0.66067,4.87503,9.1905,10.41724,0.29241400649265575,10.967645318555727,0.66677,4.87503,8.7923,10.41724,0.50650597594254,0.66067,4.40433,9.1905,10.05767,0.5190545712746154,,0.49642647077878127
J1122+1531,9.996682603838458,0.35015646403437406,22.991295798990514,0.98513,1.12204,1.85288,8.74604,0.5592873522699914,10.68694627600432,0.98513,0.93743,1.85288,8.74604,0.8000392778850186,0.99832,1.12204,1.55851,2.67574,0.9645207675364608,0.9801586804755683,0.9509187511278991
J1112+1155,9.883592817924002,0.22513249900493942,16.76738661078375,0.57852,3.99541,5.69849,9.66565,0.28303525782269584,10.491566161680263,0.57852,3.99541,5.69849,9.66565,0.4941285051919748,0.77722,2.67555,5.43321,8.94566,0.6038149918557071,0.7124950269096884,0.580503052510542
J1424+0410,9.878392905979185,0.20884918528667298,27.948597459916794,0.71996,5.09196,8.70358,10.31067,0.31108524647967223,10.860762483345027,0.71996,5.09196,7.38116,10.31067,0.5229345142429178,0.81851,1.87754,8.70358,9.96681,0.6223753995020863,0.6258835363907124,0.5899888897825771
J1304+2507,9.951923934184853,0.25714813552838106,27.459389856584988,0.8499,1.65752,5.06793,9.97826,0.4324185096183443,10.860658402200643,0.8499,1.39265,5.06793,9.97826,0.6633916606736053,0.91869,1.65752,2.56303,9.48903,0.6822129288154564,0.7110075178296912,0.6240799099932085
J0951+1621,9.994172485910784,0.23165224476372112,24.69836140139492,0.98652,1.22552,1.47947,9.66258,0.5173122690147317,10.637152058268954,0.98652,1.22552,1.45513,9.14308,0.7449893264635913,0.9909,1.05073,1.47947,9.66258,0.7527930939835791,0.7606016281793618,0.7563441348727652
J1520+2035,9.989528621343622,0.3060861129572045,17.690110876556545,0.90203,1.51613,2.80312,9.35111,0.47698234116146626,10.802140171809722,0.90203,1.51613,2.80312,9.35111,0.688715016697166,0.99101,1.33991,1.87933,9.06621,0.7416239403415372,0.9195406097706625,0.704460193439535
J1436+3123,10.04471133945182,0.3370004213643017,33.44261686567393,0.83269,2.51277,4.53327,6.48521,0.5099470642796559,11.528171580446601,0.83269,2.51277,4.53327,6.48521,0.7230401251894681,0.99885,0.90156,1.30375,2.28871,1.018304114044215,,1.0175077222514
J0929+3120,10.018934402566092,0.32409482221066954,23.611113854355825,0.97521,1.02183,1.84598,10.62435,0.521661881617281,11.03266334567213,0.97521,0.47289,1.84598,10.39792,0.9300238149167517,0.99711,1.02183,1.45401,10.62435,0.7411458944264036,0.7446797818300848,0.7266736795563865
J2246+0145,10.001898298798517,0.3589796672571353,23.344659276000037,0.98296,0.99185,1.84216,4.82822,0.7005903982982171,10.714375925207266,0.98296,0.91026,1.84216,4.82822,0.9272078453055412,1.0,0.99185,1.41442,2.35103,0.9948936216635923,1.0161878990659863,0.9438227276809391
J2252+0106,9.968315756647245,0.2661817426556579,29.040946567463113,0.54239,3.48622,7.10583,10.88913,0.2710799752949688,11.677123829834091,0.54239,3.48622,7.10583,10.84601,0.48566211585251134,0.875,1.91741,3.50105,10.88913,0.6344167582683312,0.6717264388576774,0.6370472274063016
J2325+1328,9.98143799203209,0.22735577701866544,16.64656253796334,0.82951,2.30089,3.70533,8.14564,0.4486086320058991,10.62158658571393,0.82951,2.30089,3.70533,8.14564,0.659974123581282,0.95177,1.46049,2.17879,6.71809,0.7872089448990714,0.850394836017017,0.6316637570064925
J1130+3731,10.015267436961173,0.3522236620347297,26.648070347974482,0.96983,1.60491,1.97082,9.91836,0.484824759791403,11.148099742913685,0.96983,1.60491,1.97082,9.91836,0.697227769687179,0.99767,1.23378,1.72411,2.93016,0.9466964074627118,0.9744992742491118,0.7169766241530366
J1356+3030,9.949820169354076,0.020865881427467006,17.480058431364338,0.66985,3.28174,4.17272,9.41151,0.34787992517353034,11.189138582558368,0.83647,1.95027,4.07489,9.41151,0.6505718880801917,0.66985,3.28174,4.17272,5.82404,0.6672332852406759,0.6864357002223705,0.5603733787870224
J1201+3445,10.020850458059142,0.2881319415628378,29.011955236249698,0.97309,1.71149,1.90622,4.7063,0.6336928987779591,11.00165183368832,0.97309,1.71149,1.90622,4.7063,0.8458172957751288,0.98959,1.00165,1.45151,4.47576,0.9273133926750013,0.9656943770580143,0.9583183815088056
J1620+1722,10.022016317860293,0.36481630126417475,37.622496393034865,0.9802,1.63686,2.07554,8.21694,0.5381027247268567,11.196674020406888,0.9802,1.63686,2.07554,8.21694,0.7505965361710948,0.99906,0.98775,1.41394,2.44413,0.995656748258522,1.0085539034778532,0.9920292737178152
J1647+2506,10.018746744493225,0.3492954276838909,32.321783545633835,0.97458,1.19735,2.33696,10.59729,0.5024324634627616,11.185003179479425,0.97458,1.19735,2.33696,10.32785,0.7229343297238898,0.99752,1.03868,1.46262,10.59729,0.7438149872957419,0.7590045673645122,0.7342323428296066
J1345+0719,9.95213911431968,0.16667102734597075,26.181901387039826,0.91333,1.11467,2.3366,8.61608,0.5353069744617651,10.471388569882762,0.95055,0.63253,0.96184,8.52859,0.8755201125018922,0.91333,1.11467,2.3366,8.61608,0.7463573668292333,0.7649298660078531,0.7263928986402731
J1232+1013,9.99588800106888,0.32076795400566255,17.28482740647569,0.99362,1.16514,1.62146,9.03934,0.5471275643653924,10.672711955749133,0.99362,0.63264,1.2196,9.03934,0.8790002607724087,0.99821,1.16514,1.62146,2.72598,0.9573090368706606,0.9501831050458162,0.7304691336092022
J0950+1406,10.003277051136667,0.35176922731326193,22.859073542974343,0.99178,1.18468,1.42366,3.88472,0.7068768567950369,10.861776817521738,0.99178,1.18468,1.42366,3.88472,0.9187281308618852,1.0,0.95682,1.36907,2.12649,1.0089289889235016,1.0203922924187088,0.9614129993112135
J1524+5559,9.999152116724394,0.28031181468561384,23.592342802156626,0.8647,1.05648,3.62942,8.47901,0.5383592698648781,10.760958622901232,0.8647,1.05648,3.62942,8.47901,0.7500092809673502,0.99125,1.02469,1.46626,3.94459,0.9375458426776779,0.9253752728275758,0.906168418079082
J1504+5655,10.000504417327646,0.35885538342220985,20.051217926961595,0.97875,1.12496,1.58845,3.46454,0.7226060491523375,10.824688781682166,0.97875,1.12496,1.58845,3.46454,0.9343837204209852,1.0,1.04684,1.46227,2.4187,0.9847283317239096,0.9988695816201636,0.9870211425788846
J1519+1919,10.018282397762167,0.26060122496040006,28.103021133007967,0.91594,1.19298,1.96062,9.58686,0.5199794671203374,11.465139275226523,0.91594,1.19298,1.96062,9.58686,0.7329612523623613,0.99298,1.16334,1.65312,3.44887,0.9406544494014045,0.7831776574240735,0.7547558082686531
J1505+3007,9.969740103881279,0.32254860075072733,28.02784161476731,0.82484,1.36386,3.51216,10.45221,0.4312276193063928,10.862780662618585,0.82484,1.36386,3.51216,10.44769,0.6432195784679694,0.97837,1.22998,1.75984,10.45221,0.707558922486642,0.7213538337541822,0.6951027174290069
J1452+0253,9.658353032209822,0.30377045613751263,18.554249513727395,0.55881,9.02807,9.31123,9.49622,0.23549416200469933,9.69055836937852,0.55881,9.02807,9.31123,9.49622,0.44474907545351394,0.76361,2.38307,9.27601,9.49552,0.5645166769680435,0.5755168105866404,
J0927+2156,9.82082107501955,0.34530773935618414,25.06680864166203,0.57585,6.11422,8.14224,10.30616,0.2510552027381766,10.62086734678839,0.60117,6.11422,6.80964,10.30616,0.4708592066641626,0.57585,4.35834,8.14224,9.99205,0.4832594718045211,0.6167341969234383,0.4203925435904068
J2146-0821,9.990734295671304,0.29904044175895544,16.97824798590247,0.90712,1.31369,1.85179,8.47585,0.5168456450900416,10.547953966355008,0.90712,0.77724,1.48118,8.47585,0.8156226657406913,0.98985,1.31369,1.85179,6.08991,0.8310342242147284,0.8554558442829213,0.7910730786713476
J0919+2415,9.899863930327056,0.08808103720601833,20.39733418773059,0.72904,3.21461,7.10242,9.89468,0.33386840360254616,10.413300057850845,0.72904,3.21461,7.10242,9.82071,0.5471623003012519,0.8365,1.61502,5.0225,9.89468,0.6319657703499648,0.6189541223121874,0.6207577371344409
J1130+0052,9.997054424135081,0.32274228591048687,27.956685998753194,0.90028,1.20473,2.49633,9.41865,0.5067209316447404,10.964814665019547,0.90028,1.20473,2.49633,9.41865,0.7187740755301185,0.99757,1.10275,1.52677,3.39149,0.9472250943719036,0.9783984605904642,0.7486931611417716
J1014+2148,9.991917505181108,0.30926029351380174,23.441358494401104,0.95355,1.15251,1.99143,10.29127,0.4955000464572778,10.646490806936322,0.95355,1.00274,1.99143,10.21619,0.7308669642330353,0.99455,1.15251,1.62705,10.29127,0.720583591771447,0.7382268451909259,0.7039148112243584
J1243+2928,10.000284681811808,0.29392080332968823,23.960360629487717,0.94011,1.09526,1.72189,10.08552,0.5135074811121556,10.963109666098816,0.94011,1.09526,1.72189,10.08552,0.7255573154712089,0.99655,0.96344,1.38928,10.00415,0.7676650597942469,0.9604436362843881,0.7595649759665548
J0918+6343,10.0142118802111,0.3581178769212535,25.36583731254512,0.99682,1.22506,1.95948,10.55625,0.5066411276128798,11.136503666762644,0.99682,1.01215,1.95948,10.52754,0.7484998964469519,0.99685,1.22506,1.70917,10.55625,0.719032343449074,0.9566513845628671,
J2305-1033,9.295035432555292,0.2769043940815426,24.00519492014109,0.0,9.1834,9.47577,10.38821,0.04542117729855131,10.551507617521821,0.24473,8.85716,9.45736,10.38821,0.33888591307120536,0.0,9.1834,9.47577,9.98858,0.26926550328216065,0.36118263481284635,0.26927502491265876
J0040+0332,10.000261773295938,0.3359477577378849,22.410905759137563,0.96094,1.32049,1.48342,8.32904,0.5406459952423233,10.630595797042934,0.96094,1.32049,1.48342,8.32904,0.7520301041118463,0.99859,0.9892,1.41563,2.46858,0.9906114381582292,1.0001471671497673,0.9699847544458297
J1654+2520,9.99868590056404,0.36051938816013607,25.048772906907697,0.92151,1.3619,2.56494,3.99198,0.6608982642722588,10.759885300949726,0.92151,1.3619,2.56494,3.99198,0.8725461124161974,0.99848,1.04436,1.46163,2.48107,0.9822189803145044,0.9909824111978836,0.9639604967671218
J0951+4524,9.989364820629335,0.15776178660763568,21.274753688594824,0.80319,2.07714,5.09528,8.40851,0.4394890467359325,10.626001286571114,0.80319,2.07714,5.09528,8.40851,0.6508636651170838,0.94337,1.18127,1.94154,5.93349,0.8360832537997614,,0.8001681762980882
J1041-0044,10.00046931162157,0.30317062235774117,31.764094380230496,0.93353,1.07866,1.49069,8.78543,0.552395495761166,10.928005144883414,0.93353,1.07866,1.49069,8.78543,0.7643769601815732,0.99506,0.98589,1.42231,3.83025,0.9505724722913639,1.0015321907495853,0.7942376428934314
J0955+0422,10.025092251014387,0.3620099121348615,29.479824755731546,0.98689,1.50304,1.81772,3.9364,0.6788431155358978,11.435242439860914,0.98689,1.50304,1.81772,3.9364,0.8917716927339364,1.0,0.93886,1.33968,1.98722,1.0195934843651309,1.000685927610668,1.0126611901501708
J0921-0024,9.995786648962541,0.29789996586793277,21.165407277305142,0.89714,1.66694,2.97254,8.44938,0.49233613742940135,10.7617962130759,0.89714,1.66694,2.97254,8.44938,0.7039878361439871,0.9959,1.16671,1.63997,3.4528,0.9345389588199448,0.9315704333276255,0.8770105690698475
J1041+0553,9.581704075960678,0.17225693052998758,19.285190852946343,0.20262,7.59609,8.17793,9.91809,0.12252207566696456,10.232350102855307,0.41801,7.59609,8.17793,9.87872,0.4061311154001192,0.20262,7.45164,7.94873,9.91809,0.33347724343021284,0.4148596207123771,
J0258+0029,9.928191542546264,0.3271516680138483,19.316167200482628,0.71851,3.32263,5.45257,10.09242,0.32736421155712786,10.590161231881758,0.71851,3.32263,5.45257,10.09242,0.5386645155319579,0.88329,1.86121,3.2482,9.49586,0.6517547729070529,0.70457133379377,0.6133688971502553
J2130+0307,10.02496961415582,0.3635067488313211,44.14968723593126,0.97763,1.67891,2.00658,8.72886,0.5255619515454807,11.490212914438281,0.97763,1.67891,2.00658,8.72886,0.7385881473983472,0.99935,0.91885,1.31071,1.98306,1.0236405262401085,1.02094886386154,1.0143129305024765
J1649+3844,9.966541242043066,0.34100086565147586,16.544850312693683,0.92766,1.34024,1.88059,9.51899,0.4855226719184384,10.44706605449195,0.92766,0.83234,1.48198,9.17204,0.783474127311585,0.99269,1.34024,1.88059,9.51899,0.7181978525427146,0.946537846010024,0.6776091369341927
J1544+2519,10.002272781804468,0.3508188968051375,19.55229443690006,0.96401,1.0559,1.40548,7.61731,0.6004085437168146,10.870905491415956,0.96401,1.0559,1.37112,7.61731,0.8122778570089856,1.0,0.98213,1.40548,2.34747,0.9977189867479015,0.9957457579971737,0.9414097179245732
J1338+0541,9.981306256142473,0.3346685713943656,16.512508392299864,0.92459,0.95583,1.36525,3.48956,0.7265917688773,10.411903646105351,0.92459,0.63053,0.94878,3.48956,1.0274742242020993,1.0,0.95583,1.36525,2.11672,1.0066024983753004,1.0160365528367377,0.9749032511091394
J2231-0056,9.989779532756144,0.3238860146142793,22.033611687203294,0.99041,1.22849,2.04027,9.30931,0.5379608211346039,10.987832236899738,0.99278,1.1526,2.04027,8.04441,0.7981539991430502,0.99041,1.22849,1.73664,9.30931,0.7500585432661439,0.7675889360589748,0.7237752866131967
J1200-0035,9.989826968385149,0.2833559914163932,19.92494803639978,0.97776,1.16903,1.68699,10.15931,0.5043588791646378,10.599992314085593,0.97776,0.55314,1.27131,10.00493,0.8792760945866758,0.97929,1.16903,1.68699,10.15931,0.716189617920589,0.7318544894751741,0.7463870445198623
J1240+4041,9.940115240758807,0.11587367482696607,20.904177770933842,0.86837,1.38802,3.45921,9.66633,0.4545393529869391,10.365971477515759,0.86837,1.21842,3.45921,9.66633,0.6820771943011182,0.89043,1.38802,3.18776,9.51826,0.6774778841251877,,0.6739119588767603
J1111+0523,9.865838939428775,0.12529220557629522,30.861573001131383,0.74638,2.94964,8.18475,10.26744,0.33727193540347433,10.582556897107834,0.75077,2.89641,6.1538,10.26744,0.5510581678404637,0.74638,2.94964,8.18475,9.9799,0.5576134494625601,0.5596647619096514,0.5893658908283114
J1444+3712,9.813763577901602,0.2366510412738806,19.929829586970627,0.513,7.15083,8.33,10.19717,0.22680397382011117,10.523063087263454,0.513,7.15083,8.31642,10.19717,0.4379637887207985,0.67791,6.91318,8.33,9.99033,0.5002869675171079,0.5200691966311412,
J1110+0052,9.947667105823015,0.3151458816207028,18.511576763874043,0.88444,1.77094,3.2021,9.5631,0.43936684047237967,10.44345089117285,0.88444,1.28319,3.2021,9.5631,0.68613028115386,0.94887,1.77094,2.45837,9.52632,0.6730082310120536,0.7339385337256291,0.5171710318407684
J1009+2041,9.874019700086512,0.3279131053194871,19.94603014080945,0.46465,6.30502,8.57804,9.84681,0.22916046430638734,10.679655674526519,0.46465,6.30502,8.04097,9.84681,0.4406454028558057,0.80595,2.30044,8.57804,9.4928,0.6114773719362571,0.6230797831444744,
J1208+6214,9.873548386394761,0.3098869767791325,30.137612795517448,0.42432,5.22696,8.30788,10.01464,0.21851580153421377,10.77546440645997,0.42432,5.22696,7.76921,10.01464,0.43019500243002096,0.79269,2.33118,8.30788,9.73099,0.6013681513402382,0.6855264526191581,0.5037914621417051
J1330-0033,9.997722931127619,0.34124829946572977,21.7890705461648,0.99446,1.08895,1.81826,9.44571,0.5430889975180512,10.609207649666772,0.99446,0.8063,1.81826,9.44571,0.8080817492872886,0.99857,1.08895,1.49812,2.48597,0.9744686585190344,0.9970354399230325,0.9422652391681074
J2200+2058,10.005344375557849,0.36250918537260324,29.109875641249353,0.98002,1.34864,1.74534,6.79037,0.596232419913735,10.835673195981684,0.98002,1.34864,1.74534,6.79037,0.8080319427386579,1.0,0.90415,1.28613,1.97091,1.0237049058771877,1.0212703636889897,1.0250350994143373
J0809+1510,9.835499971467197,0.2616661899596509,29.22585981477444,0.70631,6.74734,8.94973,9.94716,0.28872679709242116,10.114665696186153,0.70631,6.74734,8.85067,9.94716,0.4989913172447797,0.82945,1.86593,8.94973,9.93802,0.6049590687822274,0.6223717791755047,0.585905780037336
J1525+3828,9.941863593693942,0.23574240061962565,20.68353276369935,0.85565,1.46928,3.38826,9.16567,0.4604449177444845,10.392196350967314,0.85565,0.81399,3.38826,9.16567,0.762643981908007,0.92112,1.46928,2.45449,8.85503,0.7031127262060629,0.7415305098204451,0.3882429361263559
J1414+4302,9.949364003810281,0.30016731255181234,23.836765285522528,0.86595,1.69043,4.36878,10.0504,0.43087940557848253,10.758783836548027,0.86595,1.32936,4.36878,10.0504,0.6693044036910454,0.92022,1.69043,2.61787,9.91679,0.6647545968973516,0.7057591116984602,0.6577319857095946
J0726+3837,10.00334392849731,0.3550479845369224,22.833932492586253,0.92574,0.95573,1.36517,8.18395,0.5845388018905631,10.763876436743779,0.92574,0.47248,1.30689,8.18395,0.974556539089979,1.0,0.95573,1.36517,1.99622,1.0125682716062308,1.0187512417629538,0.9944503296573227
J1443+0739,10.034598103046294,0.30312172295131556,48.83986809144365,0.97156,1.10215,2.26777,11.18789,0.5054401263312353,11.53912279261011,0.97156,0.97173,2.26777,11.12374,0.7407013335758802,0.98418,1.10215,1.62815,11.18789,0.7227590629517239,0.7457022328172119,0.6873437056736401
J0918+2017,9.75873871973064,0.28960135412381427,20.284185471185342,0.62653,6.9898,8.5413,9.64979,0.28020829989452617,10.43782872799184,0.62653,6.07477,8.15189,9.64979,0.49477866052166125,0.62922,6.9898,8.5413,9.47093,0.497795630440919,0.6360052142592865,0.40801927556937345
J1114+3031,9.560550479724117,0.18740104643445044,22.125147602868406,0.16652,7.61477,8.1499,9.69233,0.1225960625430295,10.403049252978803,0.21481,7.54523,7.87815,9.69233,0.3497984637427116,0.16652,7.61477,8.1499,9.44476,0.34143268473594235,0.3942142160100754,
J2342-0234,9.985790644832331,0.23862860077961273,24.74307560532274,0.94503,1.05999,1.60127,9.94135,0.5169895659369809,10.674215417281754,0.94503,1.00188,1.40989,9.94135,0.7375831027092915,0.96414,1.05999,1.60127,9.01355,0.7638066149266795,0.791039593013877,0.7396740932047149
J1508+1312,10.000162309917725,0.3473088336595127,26.863917541503195,0.96121,1.2382,1.4366,8.4817,0.5465608706966674,10.728357358130921,0.96121,1.2382,1.4366,8.4817,0.7581449906561106,0.99894,1.00428,1.4328,2.45169,0.9894282844314694,1.0128664608440383,0.9756067943717864
J1629+1132,9.835994597889352,0.16192705446516775,30.73343457205436,0.79891,2.1309,9.01567,9.98482,0.3794025236757869,10.370102354306253,0.79891,1.91581,9.01567,9.98264,0.5990865405504358,0.80931,2.1309,8.23234,9.98482,0.5937019421616189,0.5964556429702514,0.6114208176687069
J1359+2556,9.993800104633495,0.3231476238978827,20.294683794190362,0.91666,1.1866,1.67555,10.09218,0.48316246582717964,10.570296762572795,0.91666,0.58914,1.43051,9.70502,0.8490713254021238,0.99637,1.1866,1.67555,10.09218,0.7209913637331636,0.7353899717909324,0.7228838192109119
J1708+3533,9.862903338134862,0.28250969356798167,24.227054719291772,0.48997,6.6201,8.58833,9.88285,0.23524736352809814,10.68076950550803,0.48997,6.6201,7.96122,9.88285,0.44673458051063814,0.7973,1.84666,8.58833,9.47739,0.6269089886780077,0.657776825960375,
J0038-0931,9.991415402240783,0.21912306391584693,29.759515639167166,0.92376,1.43089,2.46977,10.14378,0.4738916376500562,11.090523595901878,0.94398,0.48508,1.56866,10.14378,0.9200343025806319,0.92376,1.43089,2.46977,9.73907,0.6983498264377911,0.7026249484717538,0.6735526935529071
J0908+3219,9.88291907709593,0.21692224107440378,29.641730352547857,0.77387,2.74161,6.96619,9.87264,0.3603416834088544,10.480387585027007,0.77387,2.74161,6.96619,9.87264,0.5714112090880997,0.82881,1.87121,5.52099,9.46923,0.6308325716145363,0.6697101889067784,0.6157026199817563
J1244+1322,9.994910218979143,0.27060524467966285,20.33874438450595,0.93404,1.471,2.26937,7.40818,0.5465013676180116,10.573375491849403,0.93404,1.471,2.26937,7.40818,0.7577666931034064,0.98109,1.14992,1.66572,6.12265,0.8456133023009702,0.9305517792532862,0.7874967017325204
J1115+4058,10.002543606482124,0.33612915928204967,24.117979824399562,0.94734,1.31537,2.10626,9.14241,0.514332530817579,10.762016371033555,0.94734,1.31537,2.10626,9.14241,0.7259846730721327,0.99891,0.9426,1.34733,2.22224,1.0076228372910343,1.0112946142702146,0.990896192814219
J1634+4609,9.994151828629926,0.30328042892571644,27.613989224872768,0.98376,1.13853,1.66305,9.43416,0.5404990783928487,10.89828001566495,0.98376,0.94892,1.66305,9.43416,0.7816729815652911,0.99225,1.13853,1.60525,8.78889,0.7749884472742584,0.973794372501581,0.7165416520444378
J1317+4341,9.862753322359687,0.28769499485730976,18.732926020484655,0.68065,3.74065,6.03432,9.26895,0.32880161424855003,10.350076363103915,0.68065,3.74065,5.45506,9.26895,0.5395908305002816,0.68417,3.49051,6.03432,8.89177,0.5561045562916337,0.7030641086835111,0.4786270129131847
J1536+1312,9.90058115757623,0.22772582648805978,21.86420071217762,0.79618,2.63148,3.92147,8.99945,0.3970004642272244,10.43712111721921,0.87226,1.90645,3.63185,8.99945,0.6574245036435121,0.79618,2.63148,3.92147,8.97993,0.608601112453316,0.7282161211912563,0.518287034888283
J1227-0304,9.952169380017994,0.12673548209152152,24.392258925662738,0.86134,1.56814,6.02281,9.99311,0.43596078415933676,10.653488826503514,0.86134,1.56814,4.59283,9.99311,0.6473920591967199,0.89012,1.24229,6.02281,8.45363,0.7330314606081975,0.7447149228217933,0.7220034925320918
J1203+5028,9.80412497338204,0.17921902888263483,34.81682874689493,0.53267,4.61305,9.00727,10.46313,0.23949190857504843,10.582393118168635,0.58144,4.61305,9.00727,10.45441,0.4673073757171589,0.53267,4.48534,8.71075,10.46313,0.4518047422569489,0.45445146869390235,0.3964344953255257
J1500+2309,9.975346330742461,0.3005613311413765,19.123007816980486,0.90042,1.10282,2.4856,9.19235,0.5149438840070419,10.497712309283726,0.90042,0.80837,2.4856,9.19235,0.7810986520673371,0.9985,1.10282,1.54348,2.75624,0.9631089642950977,0.9869396382750603,0.9633969833078959
J1535+0557,9.997067447950265,0.3563643551898747,25.384417430755192,0.91183,1.06887,1.89036,10.06707,0.5085331574215289,10.968282869783314,0.91183,0.48981,1.89036,9.43814,0.9240467103570813,0.99769,1.06887,1.4827,10.06707,0.7492130301682333,1.0152384482699028,0.7318404189050609
J1127+4352,9.962014661138385,0.2734122199832618,17.964788680785965,0.85755,1.13848,3.20876,9.27462,0.4853801491957926,10.200696507954246,0.85755,0.8672,3.20876,9.27462,0.7416346269612492,0.96959,1.13848,1.67406,8.81922,0.7480672309406758,0.7618483555612755,0.7315542397083808
J1602+0245,9.632531833236005,0.24164073174602485,24.913271073846698,0.58785,8.56118,9.27269,9.49545,0.25186332673384176,9.875169603393148,0.58785,8.43372,9.27269,9.49545,0.46186259231934024,0.71974,8.56118,9.25227,9.49505,0.5055452091116521,0.557874014534867,0.47009084802932977
J1211+1836,9.99678385235987,0.35972617581257427,21.210416535972833,0.9938,1.154,1.60138,3.93231,0.7088378540432935,10.754220386693785,0.9938,0.49176,1.37629,3.93231,1.1149678050814094,0.99903,1.154,1.60138,2.49343,0.9668165372650673,0.9765820398608397,0.933289724852094
J1307+1920,9.933155289888292,0.3087859382540413,27.622886727478534,0.75556,2.77207,4.89602,9.55591,0.36352610916163713,10.475999201931156,0.75556,2.77207,4.89602,9.55591,0.57458630855942,0.94188,1.26195,1.91879,9.3785,0.7142851371612204,0.7428494921309579,0.6746245885387588
J1418+0807,9.996192695606444,0.34310766325524433,20.928806125181758,0.94253,1.34879,2.133,10.00342,0.4861311463248695,10.883239912531275,0.94253,1.34879,2.133,4.98981,0.8515823059264994,0.99796,1.1204,1.55339,10.00342,0.7416903056061207,0.9820249099311867,0.7321205287568043
J1313+1040,9.937394381160383,0.1883620406937277,18.272128387198155,0.90634,1.37246,2.57981,9.5612,0.46699439401039927,10.18919719351175,0.95934,0.61589,0.95598,9.5612,0.8442689701054972,0.90634,1.37246,2.57981,8.8679,0.700108540955353,0.7067474441972036,0.635749908546971
J0800+1931,9.929901845173625,0.2402534072730042,25.911844005177198,0.83098,2.21205,4.82933,9.76455,0.40846465378970015,10.89986079638034,0.83098,1.83802,3.4288,9.76455,0.6357233814568714,0.83594,2.21205,4.82933,9.42779,0.6323429217105582,0.7223591647722452,0.556854476834708
J1315+5003,9.981122973493788,0.33918431501083685,16.051591043104352,0.99993,0.96046,1.37082,2.47671,0.7837319934335923,10.493337862582422,0.99993,0.71184,0.92869,2.47671,1.055436045148398,1.0,0.96046,1.37082,2.03008,1.0090400612871182,0.972344679353126,0.9840119426336328
J0016+0059,9.959090486999074,0.24459466675750408,19.134800592938706,0.95238,1.10524,1.68889,9.81364,0.5033026037890086,10.18440126972225,0.95238,0.74546,0.95546,9.81364,0.7865038723582846,0.96329,1.10524,1.68889,9.66875,0.7221039690537717,,0.7153689048058717
J1239+0536,9.947179006634446,0.23713476869321518,22.799193847538497,0.88265,1.3893,3.76417,9.257,0.47066975002952777,10.303007123684889,0.88265,0.97829,3.76417,9.257,0.7317567803483686,0.93687,1.3893,2.1686,8.94594,0.7094930354454302,0.7161101820115263,0.6217910157080854
J1437+4228,9.934995632885943,0.24600439613985164,22.61026993194613,0.74938,2.90502,4.94374,9.54881,0.3537663699098434,10.286960573287125,0.74938,2.90502,4.94374,9.54881,0.564417266417352,0.91048,1.91664,2.80676,9.2708,0.6567115382646102,0.7243715682558359,0.551537854528333
J0353-0554,9.872490342412238,0.28516895657574476,19.701899704833647,0.76688,2.84865,7.52159,9.88862,0.35195723281020114,10.36470236322297,0.76688,2.84865,7.52159,9.88862,0.5627782618673143,0.84616,2.24306,4.23056,9.85519,0.6060760640893966,0.6520201692717046,0.5736245420139531
J2211+0036,9.958840988252325,0.207780247968988,16.6419242543106,0.94008,1.11807,1.79136,9.59054,0.5075592795081451,10.282819902807699,0.94008,0.823,1.69061,9.59054,0.7716457832440247,0.94365,1.11807,1.79136,8.88946,0.7421176226931925,,0.7221464166465558
J1519+3822,9.973008895309839,0.329890429932505,17.60112027763932,0.96659,1.13406,2.38987,9.63043,0.5132339336988815,10.291098707324878,0.96659,1.13406,2.38987,9.45254,0.7296558884111164,0.99729,1.12601,1.5625,9.63043,0.7351779543748261,0.7548373441095645,0.7125756191601752
J1014+3200,9.978720716313491,0.2913893305532925,19.51908381434751,0.85921,1.01589,3.15621,3.91156,0.6818062649451772,10.496306821146073,0.85921,0.90708,3.15621,3.91156,0.9125895656236729,0.99823,1.01589,1.45182,2.85821,0.9727010055163442,0.9916464270637517,0.957142781501008
J0125+2248,10.004305829221334,0.3635988791966752,27.393008013609922,0.99717,0.93202,1.3301,7.65061,0.6271282559511785,10.656286763835311,0.99717,0.64237,1.23134,7.65061,0.9191980926304053,1.0,0.93202,1.3301,1.99445,1.0164357856141353,1.017662517379947,0.9760270525470816
J1152+2009,10.000617955499177,0.25077145476148754,27.385010592355737,0.95309,1.21591,2.14727,8.03233,0.5565652708405827,10.55605637085661,0.95309,1.21591,2.14727,8.03233,0.767794389765065,0.98824,0.98483,1.44629,3.97119,0.9399138953099122,0.9630034832688837,0.8706027033715004
J0048+0546,9.901621173020358,0.23513265564911473,39.173701312330834,0.68389,6.2029,8.52562,10.36672,0.2983980716310518,11.120078153227023,0.68389,6.2029,8.29785,10.36672,0.5107483390076392,0.76758,1.85839,8.52562,10.29292,0.6036714316570121,0.6082439066181833,
J0805+3248,10.012961257795821,0.3368226076463998,18.80494851679776,0.97199,1.24731,1.75301,10.6405,0.49327523926574984,11.131243157283862,0.97199,0.47719,1.54348,10.43522,0.9274398185447649,0.99565,1.24731,1.75301,10.6405,0.7135332200162963,0.7282281437345413,0.7058872485585029
J0908+6125,9.953926382019642,0.2192184517120426,18.124318406358267,0.89967,1.24657,3.02526,9.7961,0.4709932075254457,10.245767331901321,0.89967,0.94897,3.02526,9.60271,0.7297734214248105,0.93489,1.24657,1.94865,9.7961,0.6932929089994234,0.7055521312693568,0.6917092253831477
J1142+3849,9.966720693578113,0.3209724139813891,22.873894082215852,0.9667,1.11119,1.56525,9.61417,0.5135789333329042,10.17679181659861,0.9667,0.65971,0.89525,9.61417,0.8266311899607904,0.98619,1.11119,1.56525,8.93932,0.7525851635747708,0.7767711644197793,0.6489387439592456
J1329+4509,9.908016142153505,0.26632749552160634,29.358790320148024,0.61228,4.57655,8.43245,10.39627,0.2714136915028032,10.687050078299283,0.61228,4.57655,8.43245,10.39627,0.48291374702572076,0.88601,1.47918,4.4083,9.98366,0.6632840563736873,0.6460198806037539,0.6692276792591348
J1157+3656,9.991493544776054,0.32388920416426487,24.83812539692933,0.99444,1.23852,1.74082,9.75257,0.5159398929419453,10.645974606875901,0.99461,0.53127,1.23006,9.14184,0.9256792460391425,0.99444,1.23852,1.74082,9.75257,0.7273557089084205,0.9761133030909409,0.6928836941835611
J1203+4641,10.033169905331267,0.3378122125874695,55.611014681427534,0.94168,1.06642,2.3843,10.72609,0.5171241393046152,11.66956087029775,0.94168,1.00778,2.3843,10.72609,0.7395563019166357,0.99026,1.06642,1.51876,10.44038,0.7548168845237182,0.7835739900443018,0.6975820857851719
J0047-0031,10.001226605079662,0.35826256432379877,28.50057495519447,0.76335,2.4776,3.94695,9.16604,0.38768077572005843,10.554634649417672,0.76335,2.4776,3.94695,9.16604,0.5989069171814109,0.99822,0.95473,1.36004,2.36777,0.9991978830400732,0.7669866785065768,0.9884047970069787
J1120+0233,9.864371422660152,0.10370229401646167,25.29799253934365,0.70088,3.28194,7.25752,9.94262,0.3216869022343887,10.406384632572856,0.70088,3.28194,7.25752,9.94262,0.5325981032353287,0.81453,1.92529,7.05889,9.94171,0.6062946587914774,,0.605292555607904
J0141-0823,9.995997741970502,0.3150481158494339,25.935677550033795,0.95467,1.20179,1.56238,9.78112,0.5115406905726702,10.86136257058546,0.95467,1.20179,1.56238,9.68151,0.7264481589466669,0.996,1.07768,1.49334,9.78112,0.7531389961027438,0.9725899561719832,0.7441256579178811
J1650+2803,9.87660754149871,0.25093828629081827,17.724695546793022,0.5143,4.63474,7.41085,9.40916,0.2620469590621495,10.417156581120903,0.5143,4.63474,5.27979,9.40916,0.47298134585797896,0.82169,2.18775,7.41085,9.26735,0.6202038499010775,0.6942510837929424,0.49482454340091464
J0303+0029,9.819593740064628,0.20694272027148314,25.21917513089678,0.60747,4.82233,9.12545,9.92469,0.2664771408707925,10.11786590074308,0.60747,4.82233,9.11466,9.92469,0.4767489575145049,0.79311,2.14672,9.12545,9.91319,0.5820842084260525,0.5927879718991161,0.5724863569879997
J1545+0122,9.998605648304485,0.33882548435119486,34.37124850416491,0.99241,1.02507,1.42692,10.10201,0.5319334628487516,10.631173786798533,0.99241,1.02507,1.33285,9.65494,0.7573363454443975,0.99749,0.99519,1.42692,10.10201,0.7498937840886696,0.7647402852796993,0.7728079700090332
J2245+0040,9.991214058542358,0.3336038552557374,18.626683376927886,0.90478,1.21564,1.76457,10.24339,0.47011447742041196,10.53653716176034,0.90478,1.10437,1.76457,10.13172,0.6986490459976574,0.99521,1.21564,1.70695,10.24339,0.711445981046212,0.7256041548575985,0.6943760701943535
J1502+5637,9.967421874847334,0.2836337664620647,21.88341411024799,0.85992,1.13774,3.23896,9.53147,0.48025226914648256,10.285525369206498,0.85992,0.98503,3.23896,9.53147,0.7136103461761527,0.97623,1.13774,1.6458,8.60205,0.7597906464458037,0.820646486824419,0.7217166067412834
J1124+3135,10.019486241741035,0.35867012072138477,31.14741262899004,0.99425,1.06844,1.81465,9.50639,0.5566124768471193,11.113782849526526,0.99425,0.79055,1.81465,9.50639,0.8237838811831694,0.99856,1.06844,1.47645,2.47777,0.9811954350956128,0.9899785020241314,0.9764784562241656
J2316-0144,9.980724011093569,0.3029411280935157,29.509353233961033,0.96648,0.91966,1.33346,8.85862,0.5712067104723423,10.242586292850163,0.96648,0.80422,1.21954,8.85862,0.8077730854660862,0.99849,0.91966,1.33346,2.49707,0.9994587559352167,0.9547175209541243,0.9866420229715289
J1556+2643,9.996556161356803,0.34590053473421356,19.516113833252007,0.94428,1.22026,2.60627,8.63102,0.5363852817531755,10.647480978225843,0.94428,1.22026,2.60627,8.63102,0.7478041985394869,0.99875,1.14732,1.59138,2.4935,0.9667871202944956,0.9939992249693859,0.9458015136998488
J1523+0113,9.904830988079524,0.18682728915017185,17.2885049142206,0.81324,2.15466,6.05036,9.40955,0.38952363201491297,9.934195076581533,0.81324,2.15466,6.05036,9.38649,0.6001428284778524,0.92913,1.32272,2.14698,9.40955,0.6866503293714162,0.6960955753375955,0.6873234125073854
J1545+2103,9.974460940206072,0.3273083025311743,14.711867175732463,0.95073,1.15528,1.89861,8.4192,0.5422240079096267,10.199067734651296,0.95073,0.84758,1.89861,8.4192,0.8050525344163674,0.99897,1.15528,1.60697,2.4974,0.9622999983882123,0.9760923754068971,0.9204297219663878
J0211+0008,9.9313798718365,0.1638942095332046,18.274460296353777,0.86313,2.02891,4.06914,9.94252,0.40404414824341456,10.298814882429474,0.86313,2.02891,4.06914,9.92016,0.6154448609229514,0.92956,1.6193,2.45757,9.94252,0.6576437045054372,0.6692018944703695,0.6349157611770312
J2113-0041,9.909362379305065,0.30890570362760167,17.19835686102098,0.73769,2.93026,7.12839,9.42715,0.35576603040125154,10.376799260936718,0.73769,2.93026,7.12839,9.42715,0.5666133034894268,0.8601,2.23743,3.3027,9.40234,0.6258260589677263,0.6548455691085265,
J0759+1450,9.974004657024222,0.22024813135000276,19.85767632276692,0.80454,1.50374,3.48191,7.40202,0.4952479675156258,10.29021345028857,0.80454,1.50374,3.48191,7.40202,0.7059060342511811,0.96958,1.03692,1.56271,5.18959,0.8824848015406479,0.9169653742386267,0.8220836432480029
J0153+1801,9.941959479555194,0.3121143517517895,24.394339461805323,0.79539,1.52967,3.37267,9.52721,0.42028532179517714,10.247492817515415,0.79539,1.47229,3.37267,9.52721,0.6350952313330561,0.94588,1.52967,2.3171,8.96522,0.6992927603011075,0.8656849234954495,0.6557786181896647
J1008+2133,9.976910697169746,0.3218434774432079,31.36050479383369,0.96963,0.97214,1.54881,9.6638,0.542180090011631,10.45439931745462,0.96963,0.86146,1.54881,9.58719,0.7776638725341423,0.99703,0.97214,1.39561,9.6638,0.7623276041140982,0.775263201952745,0.7259964822554261
J2137-0842,9.93386952074519,0.32810363378447277,18.242353100323477,0.82188,2.72317,5.13042,9.64092,0.3777613330676708,10.250932318210728,0.82188,2.72317,5.13042,9.64092,0.5883325091561632,0.93051,1.79849,2.60772,9.57321,0.6582114117175769,0.6821053134765295,
J1058-0036,9.879398782338987,0.2132571809791392,20.539859424913846,0.87248,1.64349,4.37413,9.29534,0.4383532323029348,9.975431649129348,0.87327,1.13964,4.37413,9.2931,0.6934687515180465,0.87248,1.64349,4.24391,9.29534,0.6482957649631266,0.6833260559786888,0.6127145721290969
J1129+1747,9.95871478451451,0.2809021398114726,27.299404104784486,0.85195,1.1683,3.19039,9.24697,0.48359898091919745,10.308417492514037,0.85195,0.80397,3.19039,9.24697,0.7589442526729022,0.96346,1.1683,1.736,8.83445,0.7448063513429711,0.772923984895066,0.6841900291220863
J0143+2017,9.905236280517583,0.21646588423498764,35.432188822612005,0.75754,2.83366,5.6163,10.35509,0.3456073651496004,10.761739602063033,0.76162,2.58595,5.6163,10.35509,0.5642530481853901,0.75754,2.83366,4.76164,10.26839,0.5599443892529516,0.6052253887737694,0.581549351093491
J2114+1130,9.97409000872463,0.33211481493876965,17.881866387275277,0.98259,1.10141,1.51944,9.57467,0.5298340408490215,10.477132381275158,0.98259,0.79602,0.92992,9.53325,0.8002682284200073,0.99765,1.10141,1.51944,9.57467,0.7459166492509463,0.7630102202382467,0.7281585125357023
J2228+1615,9.976592013836939,0.22104442318258496,29.76177522728701,0.9111,1.10979,2.42664,10.02243,0.4934360027800287,10.577711589515546,0.9111,1.10979,2.42664,10.02243,0.7047103745545491,0.94893,1.10206,1.77963,9.45149,0.7363656668926972,0.7156543105760792,0.7095103575597475
J1319+2839,9.995272937011906,0.3519041818696913,26.01765487032836,0.96556,1.23463,1.74326,8.7589,0.5447460851797944,10.9451106363974,0.96556,1.23463,1.74326,8.7589,0.7567609192229154,0.99773,1.16521,1.63431,2.94598,0.9525592486073698,0.977447493253103,0.9459007566542547
J1546+0000,9.946639291330179,0.2807645881035746,18.56246842236386,0.87093,1.86983,3.08464,9.70279,0.41627919148544157,10.121221240322106,0.87093,1.7184,3.08464,9.53745,0.6398587624917886,0.93486,1.86983,2.61534,9.70279,0.6478686533745116,0.6730626552189559,0.5984238560694347
J1451+1023,9.941704688066174,0.2357221523983316,21.07446954815398,0.8409,1.74003,4.5004,9.65809,0.4139125587340055,10.104852398649305,0.8409,1.74003,4.5004,9.65809,0.624154675676635,0.93305,1.41739,2.23538,8.98449,0.6988949211075242,0.7198998911951776,0.6921128654518028
J0141+1028,9.938231384406683,0.15590196590495775,30.651312927473466,0.6504,3.45181,4.96373,9.77816,0.30658653701265964,10.36921036336956,0.6504,3.45181,4.96373,9.72342,0.5191770500993823,0.89919,1.30028,2.9274,9.77816,0.6802410267843376,0.6935058119284414,0.6388728620115
J1626+4240,9.980447236214236,0.3541485234977963,18.635283432277376,0.99525,0.97354,1.39381,3.31581,0.7528513185691974,10.451299407692144,0.99525,0.76456,0.95397,3.31581,1.0106526563880192,1.0,0.97354,1.39381,2.26575,0.9989327851439774,1.01458268409753,0.9434407538963784
J1100+1854,9.979451333816849,0.3313143679242494,22.837323906330504,0.92644,0.93783,2.4148,9.50929,0.5351801097153288,10.314780280684884,0.92644,0.91109,2.4148,8.71903,0.7766461389251139,0.99796,0.93783,1.34584,9.50929,0.7697321823931865,0.7748455846522564,0.7511794795162388
J1332+3903,10.0010448770555,0.36047384825562906,19.599789881109903,0.99439,1.47609,1.87173,7.75235,0.556649209242766,10.634220046692814,0.99439,1.47609,1.87173,7.75235,0.7680407986297815,1.0,1.02469,1.44408,2.40326,0.9873197957474954,0.9926398620394815,0.9851982169834018
J1150+1039,9.937008434307128,0.2113066655651253,18.682285565079923,0.77386,2.6111,4.24203,9.79703,0.3644663652083561,10.432959140676896,0.77386,2.6111,4.24203,9.79703,0.5754346791653945,0.92263,1.3252,2.18164,9.63301,0.692202243650983,0.7178411792060245,0.690730877961743
J1228+0818,9.966389048095783,0.33028386973125134,15.231254958202745,0.85946,1.35659,3.19758,7.98155,0.5036533675465241,10.154571922229392,0.85946,1.35127,3.19758,7.98155,0.7144922381283237,0.99384,1.35659,1.89308,3.43366,0.9080906270991589,0.7190315509737855,0.6943666775247496
J1406+5505,9.980895817557023,0.34669100411660303,17.760794282369723,0.96822,0.96553,1.37749,3.47793,0.7375610400051965,10.161156795398071,0.96822,0.83949,1.14368,3.47793,0.9738475784579183,1.0,0.96553,1.37749,1.99773,1.0070819054332139,1.0118062507076568,0.986284138097114
J1704+2919,9.938140630289908,0.24042394024296326,22.184299670234967,0.86865,1.43264,4.6739,9.48445,0.45263577499908,10.217462312490994,0.86865,0.9613,4.6739,9.48445,0.7201733746641713,0.92542,1.43264,2.32122,9.25889,0.6894143648370873,0.7112596400415163,0.5477915560731338
J1127+2739,9.900390582323716,0.28812562407890235,33.473728357757956,0.76277,2.76295,5.61075,9.75202,0.3573329207515081,10.383885928592253,0.76277,2.76295,5.61075,9.75202,0.568195539851469,0.89114,1.40131,4.19395,9.45957,0.6789878130440489,0.7067461294983985,0.5830564484420102
J2127-0238,9.899160106392491,0.22133917163723144,31.726104375106964,0.79956,1.78384,6.58356,9.71889,0.40255377864505143,10.340476750946285,0.79956,1.7239,6.58356,9.71889,0.616570675577242,0.84612,1.78384,4.24606,9.49628,0.6360180729782788,0.6473066676891556,0.567310875170406
J1120+3604,9.98621539009455,0.2570143950579143,28.060216806788244,0.95975,0.97653,1.47334,10.16598,0.5253329571165312,10.56744404641241,0.95975,0.63178,1.3617,10.16598,0.8297184603061717,0.97645,0.97653,1.47334,9.41024,0.7659911873866321,,0.7571073211243458
J0949+4048,9.914739499019324,0.1717826194809851,20.666578347797184,0.79888,2.46813,5.90352,9.81184,0.3648955566005272,10.048613423048359,0.79888,2.46813,5.90352,9.81184,0.5750084391602105,0.88601,1.36095,3.77829,9.48664,0.6697752984199212,,0.6557577848302776
J0824+1038,9.992750474751658,0.25949996615707493,18.338602159434277,0.86149,1.43709,3.24638,8.80285,0.4809074934379863,10.568573966966317,0.86149,1.43709,3.24638,8.80285,0.6921627929644264,0.97418,1.20267,1.7565,5.52913,0.8555848532723269,0.8498995649420814,0.8715107014656883
J1012+4631,9.76782385313856,0.29418351035910745,46.93821334334165,0.47842,8.56552,9.5949,10.44555,0.2097604315936358,10.738752789002996,0.47842,7.9739,9.5949,10.44207,0.4229172925919775,0.73085,8.56552,9.55087,10.44555,0.5055089387693532,0.5752177864731634,0.46742180580544307
J1147+2531,10.011399580358326,0.26698244934015075,34.660761825373484,0.92484,1.13208,1.93757,10.64135,0.49546741175243286,11.295670832705111,0.92484,0.95145,1.93757,10.57401,0.7380806521692581,0.97523,1.13208,1.68898,10.64135,0.7249405302985447,0.7087354960057071,0.7265038305568003
J1419+1646,9.9776922143837,0.3030172682922775,24.412070062045483,0.77625,1.49764,3.96219,10.18013,0.4051813200049316,10.597478965416675,0.77625,1.49764,3.96219,10.18013,0.6164968381489371,0.97338,1.33319,1.89894,9.95326,0.7030700495951688,0.7252068723886896,0.6064944474303552
J1336+3159,9.817477449482471,0.19234102625803043,23.18377759022512,0.51116,7.41962,9.02899,9.8707,0.22369316964413177,10.105795447677892,0.51116,7.41962,8.9621,9.8707,0.43393744140468726,0.79361,1.89294,9.02899,9.49058,0.606208956573285,0.5836996848373252,0.5523215006642208
J2337-1006,9.9087238719668,0.14852968985782894,27.84400653563637,0.69686,3.48348,6.82877,9.79279,0.3120476315670369,10.055595894729581,0.69686,3.48348,6.82877,9.79279,0.5221766380980541,0.8632,1.93266,3.53288,9.51362,0.6252695771459233,0.6386004625655161,0.600166918240454
J0836+4318,9.998291170936822,0.3428650784386394,22.51103425243613,0.88983,1.3525,3.55757,7.91666,0.5311325739346985,10.83390556821836,0.88983,1.3525,3.55757,7.91666,0.742928583367238,0.9995,1.11267,1.53627,2.4678,0.9736948811490418,1.0157153989652332,0.9450494096470012
J0915+1550,10.002576596319564,0.3336987174606558,24.576178541205646,0.88984,0.90855,3.65954,10.00496,0.5279808034899692,10.867423430287454,0.88984,0.76917,3.65954,9.24554,0.7963780123601233,0.99798,0.90855,1.3017,10.00496,0.7758899061029184,,1.0136153128691137
J1145+0243,9.977042511581356,0.3308886286461613,18.794528257241673,0.88638,1.66373,3.0751,8.49728,0.4779624800295996,10.354649714818088,0.88638,1.66373,3.0751,8.49728,0.6887616533710773,0.99827,1.01338,1.44075,2.48679,0.9838355524093308,0.9237282015628767,0.963925836351818
J1022+0521,9.981014339948528,0.3507173539274377,16.84273194449327,0.98027,0.96168,1.37287,3.47768,0.7448757028080331,10.459457335323188,0.98027,0.79544,0.96112,3.47768,0.9921204952089409,1.0,0.96168,1.37287,1.99517,1.0097235803961733,1.0136820642729283,0.9922548725156507
J0816+3119,9.852878795364067,0.1431355989599445,20.713366370177585,0.81825,2.07972,5.81733,9.42708,0.3877215895908261,9.745458914890262,0.82785,0.99881,5.81733,9.42708,0.6870383908176825,0.81825,2.07972,5.49329,8.98619,0.6121923336141749,,0.5695790468329076
J0833+0809,9.953828778995108,0.18605614591656228,23.712315213040853,0.92179,1.31177,2.06004,9.69915,0.47075591556968793,10.103609568206782,0.92179,1.31177,1.97192,9.69915,0.6809951920950893,0.93048,1.21013,2.06004,9.34795,0.7061499331239368,,0.7110505053943825
J0144+1635,9.950273249072293,0.3252287349529819,25.1223077240475,0.95854,1.21456,2.29173,9.28559,0.5034852840083657,9.9860790192805,0.95854,1.21456,2.29173,9.28559,0.7134527564384529,0.99561,1.02694,1.45993,9.2611,0.7516974430105058,0.7741186472591158,0.703308006219188
J0905+3657,9.447870630237837,0.23742786698478618,15.969197402460376,0.08287,7.63714,8.52924,9.46279,0.07905815103769002,9.617126665518686,0.22845,7.34383,8.18887,9.45507,0.3377950683303448,0.08287,7.63714,8.52924,9.46279,0.28812921337797004,0.34503627095020845,0.2950314147131706
J1555+3617,9.982510843535744,0.3422914770356021,20.34627434494962,0.94328,0.92372,1.8392,7.58514,0.6094392676996648,10.491613684624122,0.94328,0.8518,1.8392,7.58514,0.8357668436195262,1.0,0.92372,1.32155,1.97736,1.0176063458253284,,1.0137143187437223
J0736+4336,9.96329917794475,0.32493439369555366,16.48730829535664,0.97254,1.40166,2.40419,8.943,0.5138324134741069,10.463811672226756,0.97254,0.92832,2.40419,8.42354,0.8020436590067549,0.98616,1.40166,1.96994,8.943,0.7294066706540868,0.936006345661903,
J0036-0240,9.958293026362018,0.26228761713329796,25.14570359553298,0.89082,1.21338,3.18398,9.48438,0.4808448027933267,10.210149175951091,0.89082,0.90941,3.18398,9.48438,0.7372367098646014,0.96186,1.21338,1.84948,9.22371,0.7235152180350942,0.741124711950827,0.6511877623538475
J1225+4701,9.978942957111595,0.3419464428636403,14.58679438605155,0.98447,1.01949,1.44318,4.86365,0.6918642430154405,10.426887984796993,0.98447,0.82689,0.96536,4.86365,0.9408975516326264,1.0,1.01949,1.44318,2.4152,0.986269795697741,0.9992928441053346,0.9770159398782811
J1328+2105,9.938678166305323,0.32929818713577774,24.250620306537257,0.86829,2.57174,2.98799,9.47119,0.40586902100256145,10.378831142066446,0.86829,2.57174,2.98799,9.47119,0.6167206962243555,0.93022,1.80358,2.60343,9.44026,0.6659592334620656,0.732516178181748,0.6308325587888141
J2348-0050,9.911388584367929,0.29616401612355175,15.284724675847139,0.80876,2.71668,5.86569,9.10603,0.39531795032823275,10.418274693074741,0.80876,2.71668,5.86569,9.10603,0.6062547410278385,0.87252,2.0452,3.29748,8.89035,0.6545509996082002,0.8150608094833157,
J1154+4730,9.979482233453894,0.3349272431362783,18.474349483346803,0.92033,1.26641,2.3868,9.02476,0.5043108779327127,10.377228288029174,0.92033,1.26641,2.3868,9.02476,0.7151590806649876,0.99851,0.95559,1.36599,2.36348,0.9979968560674447,1.0021908616267112,0.973614258844505
J1215+0732,9.966754078792311,0.19632758171643322,43.76131484214992,0.9017,0.98746,1.4943,10.2881,0.5107757105410308,10.948788092465405,0.9017,0.98746,1.4943,10.2881,0.7227977049971503,0.92982,0.93993,1.4503,10.24012,0.7421667393739879,,0.7646092735171618
J1136+0702,9.959496630665546,0.3414774907569235,16.066416117276464,0.98242,0.91876,1.31147,4.36591,0.719494810914469,9.957725323334241,0.98242,0.43037,0.70515,4.36591,1.1352555023474291,1.0,0.91876,1.31147,1.97567,1.0152686699239895,,1.009072138718153
J1206+6207,9.867491238382772,0.27894277010023505,37.03909726990696,0.62476,3.76263,6.67998,10.33958,0.2815920097566418,10.559644522298115,0.62476,3.76263,6.67998,10.33958,0.49282863966017515,0.64415,3.40401,4.63708,9.97272,0.5155391432259147,0.6215776726032604,0.40051821201106325
J0119+1442,9.952196990486625,0.21673704791898932,31.466733731756413,0.76849,2.80405,4.0234,10.15146,0.363175184171634,11.02496560012404,0.82626,2.63703,3.25043,10.15146,0.5983656758829649,0.76849,2.80405,4.0234,9.90257,0.582869472681253,0.64788164881663,0.4016491161426827
J1328+2757,9.996612569212093,0.3378035367096813,29.341553441259393,0.95807,1.26942,1.70832,9.63162,0.5126708127968366,10.97333882855152,0.95807,1.26942,1.70832,9.63162,0.7247404872767474,0.99893,1.15729,1.60853,2.49237,0.9679480772945337,0.9886458776406274,0.944235224134489
J1357+1553,9.826960126216463,-0.04354075626863513,21.531554050491255,0.64306,3.8261,6.94992,8.4906,0.3280905279750553,9.868142025188464,0.7,3.29861,6.94992,8.4906,0.5637246235533784,0.64306,3.8261,6.70106,7.48329,0.5718044037048394,0.6488088414087542,0.3207256606774525
J1211+1445,9.88065446979439,0.19847676041957926,26.66785831222547,0.7924,2.24013,4.45353,9.47257,0.36758586024053636,9.610155064417674,0.7924,2.24013,4.45353,9.4707,0.5767041836765135,0.88661,1.35043,3.27633,9.47257,0.6570596904154195,0.6546250927904173,0.623574911386717
J2200-0129,9.949424820029215,0.33560873160112575,38.28738656335432,0.7554,2.4118,4.06869,10.12654,0.3571944222631816,10.578178075225303,0.7554,2.4118,4.06869,10.12654,0.5684697668130009,0.92274,1.61492,2.54203,9.90451,0.6653458526653443,0.7538245975115107,0.6372831053836446
J2318+1507,9.785969292249511,0.2000337450191877,49.522290711483585,0.44136,7.00578,9.66339,10.44554,0.19756130317033427,10.592451735586549,0.44136,7.00578,9.58395,10.44554,0.40886637155067057,0.67995,3.82202,9.66339,10.2371,0.5147728375841768,0.529493850385936,0.5411142022075005
J1130+1538,9.66952268522525,0.31266675037989095,26.70998360722759,0.58156,5.4313,8.63131,8.99263,0.26357348476623066,9.39250621844964,0.58156,5.4313,8.62906,8.99258,0.4720660928191948,0.73875,4.7766,8.63131,8.99263,0.5286669768477665,0.6212234044367537,
J1319+2532,9.825345147747104,0.2510710240982716,21.148889530726724,0.68466,3.97895,7.74907,9.34672,0.30158024018510504,9.548261377708892,0.68466,3.97895,6.4654,9.34672,0.510476314827755,0.78567,2.48622,7.74907,9.0959,0.5780516062388752,0.660301469699304,0.4476406067398833
J1228+4758,9.912406606270553,0.21726077405738436,15.77914075712606,0.81447,1.96401,3.65478,8.76655,0.4037851877116057,9.40490980898899,0.81447,1.96401,3.65478,8.76655,0.6123087846336107,0.95262,1.08398,1.73563,8.74942,0.7278598924757521,,0.7121053037705086
J2223-0012,9.84339656990409,-0.0901607324113897,21.716477340588536,0.7102,3.23363,4.76985,8.42992,0.34840770848523417,9.431310924364816,0.80446,2.34836,4.76985,8.42992,0.6078506076258396,0.7102,3.23363,4.72897,6.40972,0.6284012219563889,0.725791032782909,0.4081154327284197
J1242+0347,10.037722647774826,0.34140769044030905,20.96489373104155,0.98905,1.183,2.00811,9.48168,0.5518302066163857,11.612697036200426,0.98905,1.10614,2.00811,9.48168,0.774859950328059,0.99866,1.183,1.65293,2.78863,0.9603926591195316,0.995927678338037,
J1341+5619,9.99370589914433,0.3416306078983294,15.651374400751699,0.93468,2.25297,2.73852,10.64697,0.4198064084941204,11.086803736771918,0.94689,2.25297,2.73852,10.54575,0.6392069577904876,0.93468,1.64638,2.45876,10.64697,0.6593494732913884,0.9565399383389055,
J1600+0503,9.354849031230971,0.17565442325109848,17.51191728917076,0.19946,9.20963,9.48337,9.989,0.10925072784477015,10.031330342058277,0.19946,9.20963,9.48337,9.989,0.3193236036538369,0.30412,9.20836,9.43756,9.98309,0.35440915094515524,0.4702156718476547,
J1436+1624,10.025561828898248,0.3085332705062719,9.487586753293996,0.92007,1.38739,2.48362,11.31914,0.4543324837622551,11.57448048370426,0.92007,0.65098,2.48362,11.20512,0.8066847923683099,0.98782,1.38739,1.94003,11.31914,0.6900898582981134,0.6958408915907192,
J1555+1141,10.005522442539075,0.2734423495362352,15.609281356557029,0.88401,1.61043,3.0884,8.73515,0.4898351271109285,11.083260520089128,0.88401,1.61043,3.0884,8.73515,0.7021156905567002,0.96649,1.39456,1.98796,8.71447,0.7462509634208215,0.9414481256890733,
J1035-0045,9.990916979378406,0.19794992578604367,12.360899631123608,0.89205,2.08125,2.92516,9.38142,0.45183317309997834,11.176008886268802,0.89205,2.08125,2.92516,9.30646,0.6665241924563922,0.92755,1.55234,2.4569,9.38142,0.7034064997409747,0.8920929839801214,
J1636+2015,9.907136881017166,0.2580784326119851,21.851228223129965,0.61345,4.339,8.36989,10.31248,0.2848897652985953,10.998076784263183,0.61345,4.339,8.08515,10.31248,0.4970072680907922,0.87934,1.31812,8.36989,10.28131,0.6746133817636472,0.6867958000021653,
J0332-0028,10.035942228556655,0.17624856417228454,24.139179125013346,0.88076,1.16749,3.19157,9.96289,0.5017085635750895,11.522390405226057,0.88076,0.84176,3.19157,9.96289,0.7700329174071968,0.97169,1.16749,1.70803,5.38238,0.8776118783743048,0.8840598978486435,
J1458+0602,10.011165688227821,0.3348720500032793,17.905343085669575,0.93239,1.34478,2.31507,10.33645,0.4777454066729702,11.064147601907017,0.93239,1.04151,2.31507,10.33645,0.7260776604739118,0.99233,1.34478,1.88543,3.46355,0.9170317952626054,0.9599487702803143,
J0003+1607,9.98263832653611,0.29678175008588525,13.09282284397878,0.9115,1.6977,2.44705,9.58103,0.4608750593832662,10.785921554549002,0.9115,1.6977,2.44705,9.58103,0.6725752543562594,0.97723,1.45653,2.06964,8.2715,0.7512107774955711,0.9659805155461724,
J0839+3037,9.765358908599005,0.2824696466693427,20.16191619112968,0.47489,7.86276,8.70947,9.94919,0.219317447169454,10.504134012018927,0.47489,6.43081,8.21652,9.94919,0.435157237846543,0.60635,7.86276,8.70947,9.78973,0.4793175340006162,0.6817319834219792,
J0314+0010,9.731861588886696,0.32411518958314683,16.149319783375624,0.25874,7.6834,8.37474,10.22634,0.14346519644542913,10.6627817538663,0.25874,7.6834,8.37474,10.22634,0.354915559769672,0.45282,7.45163,8.33386,10.02663,0.42652678974153924,0.6892053410786634,
J0946+0935,9.941816793679926,0.33190955185147264,15.060515485587887,0.89167,1.83606,2.92504,9.62401,0.436247146116157,10.434377639280894,0.89167,1.77713,2.92504,9.46587,0.6552804785056501,0.93504,1.83606,2.59201,9.62401,0.6616751671462819,0.9622621107545632,
J0140-0908,9.836636170635128,0.337500021520851,30.293111246955657,0.48703,5.36991,8.63245,9.95969,0.23251657006458384,10.491476172264894,0.48703,5.36991,8.5692,9.95969,0.44360962667211473,0.83092,2.0988,8.63245,9.95906,0.6066329562991336,0.7231033279004734,
J1012+5141,9.913818864650054,0.2080656127571573,17.04603942478075,0.47599,4.81201,7.55485,9.94477,0.23490073680426446,10.563103726581613,0.47599,4.81201,7.55485,9.94477,0.4461446029343022,0.76787,2.68711,5.39455,9.94258,0.5708959882229955,0.7341399201589779,
J0756+1711,9.767355497451817,0.3160234822537629,19.900298929006116,0.58524,7.6604,9.19718,9.96176,0.2463857160726094,10.162641649299106,0.58524,7.6604,9.19718,9.94858,0.45719144212621643,0.76936,2.5661,9.11753,9.96176,0.561324963228664,0.6168022893249279,
J1708+2723,9.690702390125047,0.28875226943201004,49.32031099715829,0.33166,9.57946,10.04271,10.92943,0.15914954459486214,11.285699528147125,0.33166,9.2792,9.95737,10.92943,0.3723707276104668,0.58282,9.57946,10.04271,10.49085,0.4684816020088191,0.5389029797250758,
J0900+0747,9.976736421100602,0.29399701638524733,19.719076412205723,0.88487,1.3563,3.10942,10.02279,0.46392940963878354,10.818668027515498,0.88487,0.9166,3.10942,10.02279,0.7346431562101863,0.97494,1.3563,1.92035,9.47628,0.7225569050984951,0.9387672921440274,
J0901+2242,9.967804862427078,-0.09921320561316577,17.644087710589137,0.92776,1.0913,2.54629,9.40384,0.5176486441172289,10.448997953801642,0.92776,0.63813,2.54629,9.40384,0.8371080369069669,0.94527,1.0913,1.90025,5.91574,0.8457617820885152,0.687198691296404,
J1550+5627,9.99307020898627,0.3492951583392717,22.19010021421467,0.91124,1.21977,1.81687,10.01086,0.47821962913933685,10.503009835559293,0.91124,0.76216,1.81687,9.72649,0.7804011023117895,0.99515,1.21977,1.72397,10.01086,0.7173071084473456,0.9892355047654795,
J2315+1314,9.821511009773873,0.24147722831504906,16.487423454165086,0.45349,4.82213,6.02022,9.39122,0.23677398559263574,10.262917431522839,0.63956,3.76535,4.38315,9.39122,0.5190954640249941,0.45349,4.82213,6.02022,8.44445,0.4781222588507523,0.7899700905512678,
J1512+4551,9.945274930656796,0.30229675041474885,19.536659750705414,0.85115,1.90577,3.84275,10.33688,0.4012625253408155,10.593195916620036,0.85115,1.42835,3.84275,10.2641,0.6440903281874745,0.90579,1.90577,2.84337,10.33688,0.6307824745588557,0.7207938360053535,
J1313-0015,9.814771857128076,0.26402215086279335,36.98435211945947,0.39598,8.02852,9.13769,9.97746,0.20300690642195904,10.92446179628483,0.39598,8.02852,9.13769,9.97746,0.41498144536482773,0.72506,5.12108,9.05838,9.96683,0.5367850192386554,0.6036166132217979,
J1317+3640,9.966545384930775,0.3302319670971676,13.485025970293913,0.93241,1.34037,2.71712,9.51655,0.48759037786489595,10.462634215865476,0.93241,0.72283,2.71712,8.26431,0.8447491678824924,0.99243,1.34037,1.88504,9.51655,0.718628792191614,0.9280374659272294,
J1450+1812,9.951395989752573,0.125718854678237,19.219258782223683,0.87853,1.85714,3.00796,9.52069,0.4234442442693666,10.052888065940955,0.87853,1.85714,3.00796,9.52069,0.6335670005224813,0.95295,1.21537,1.88699,9.19314,0.7166232823023444,0.7586472332595006,
J0849+2826,9.814708552716393,0.15763266869248538,17.287158973741562,0.68321,5.69148,7.55514,9.69387,0.2929146904555093,10.07923712331387,0.69327,3.69028,6.43414,9.69387,0.5223316109571973,0.68321,5.69148,7.55514,9.46001,0.5108321745436059,0.6796950655914094,
J1322+0350,9.889440207202732,0.25804859420591564,29.764509898350855,0.62554,6.7642,8.55055,10.06995,0.2876125577750298,11.199756093422655,0.62554,6.7642,7.71854,10.06995,0.5001121040698789,0.76006,2.68632,8.55055,9.91632,0.5869277462760576,0.803601557633145,
J1126+0612,9.282203961109008,0.2711958734115152,18.927762502134755,0.02203,8.24618,8.51447,9.45197,0.05813319676167569,9.635926053508696,0.10061,8.16769,8.4896,9.45197,0.2936391549962953,0.02203,8.24618,8.51447,9.39703,0.2691521205814879,0.6014882083777174,
J0939+5707,9.919430537097812,0.24588803974563614,24.75488108363614,0.71224,3.16459,6.78349,9.49486,0.3450108895396636,10.530172615950017,0.71224,3.16459,5.93573,9.49486,0.556185675065347,0.84199,1.80667,6.78349,9.48647,0.639285896560834,0.8327259741908906,
J1622+0923,9.936886828605605,0.20797924536814225,18.813963586520682,0.85696,1.82757,3.8701,9.36317,0.42927119864541424,10.279842411904184,0.85696,1.82757,3.8701,9.19793,0.6452644477448771,0.9387,1.68422,2.45616,9.36317,0.6749150550461595,0.7845027095827574,
J0950+2719,9.958269837923227,0.34120391415263845,19.989580110932494,0.90803,1.61882,2.54832,8.9714,0.4714384166444727,10.305991245304995,0.90803,1.61882,2.54832,8.9714,0.6821311977223758,0.96956,1.57989,2.26461,3.95763,0.8673417257883572,1.0055379429960862,
J1001+2340,9.675251190939617,0.2799279629210872,18.691984824901976,0.6413,8.00408,8.97785,9.48983,0.26074817781565446,9.538366598089512,0.6413,6.8828,8.97785,9.48983,0.4730111396010151,0.69186,8.00408,8.85795,9.48884,0.48650683252270505,0.5501311887570896,
J1502+2306,9.952603470124252,0.03889881156666759,21.96287035329367,0.83357,2.11551,4.40159,9.33902,0.41577343228012703,10.502099479485826,0.83357,2.11551,4.40159,9.33902,0.6268889858457946,0.84068,1.971,3.97996,8.89074,0.6492634882068341,0.6418178412206624,
J0815+0635,9.684465216988935,-0.3189863495029739,22.774129786545743,0.13622,6.60983,7.77528,9.46826,0.11273368887118763,10.036194194700435,0.3655,6.60983,7.77528,9.44474,0.4000256766985651,0.13622,6.285,7.25439,9.46826,0.3241210321375489,0.5996474715302647,
J1313+6540,9.993735288307118,0.3273072952558586,31.48700322091451,0.91805,1.34749,2.39156,9.99734,0.48190416339103376,11.02367144986972,0.91805,0.707,2.39156,9.99734,0.8061220285468785,0.96979,1.34749,1.93093,9.94701,0.7128394680958717,0.7736769998861064,
J0103+1426,9.94527898571855,0.12470068969014493,23.466669912782265,0.6423,3.58867,4.9498,9.51712,0.3114309770770479,10.405714036872615,0.6423,3.58867,4.9498,9.51712,0.5223407330848352,0.9582,1.22949,1.87325,9.43894,0.7192602271010085,0.7786004823206115,
